portal,role_query,title,company,location,url,posted,scraped_at
LinkedIn,TPM,"Senior Manager, Continuous Process Improvement",The Clorox Company,"Alpharetta, GA",https://www.linkedin.com/jobs/view/senior-manager-continuous-process-improvement-at-the-clorox-company-4376098493?position=1&pageNum=0&refId=zhgknVFI%2B4R5ELGKcS0ioQ%3D%3D&trackingId=8DhQpz8%2B97AB8xMnL5vZ6g%3D%3D,1 month ago,2026-04-21T12:09:51.998051
LinkedIn,TPM,Director of Continuous Improvement,MAS HVAC,"Maple Grove, MN",https://www.linkedin.com/jobs/view/director-of-continuous-improvement-at-mas-hvac-4399591208?position=2&pageNum=0&refId=zhgknVFI%2B4R5ELGKcS0ioQ%3D%3D&trackingId=Amn5uqWJ%2Fea4sRZg0XMtiw%3D%3D,1 week ago,2026-04-21T12:09:51.999062
LinkedIn,TPM,"Data Scientist, Analytics (Technical Leadership)",Meta,"New York, NY",https://www.linkedin.com/jobs/view/data-scientist-analytics-technical-leadership-at-meta-4254370691?position=3&pageNum=0&refId=zhgknVFI%2B4R5ELGKcS0ioQ%3D%3D&trackingId=WwdaJghzkZHnWHK2nNYH7A%3D%3D,5 days ago,2026-04-21T12:09:51.999062
LinkedIn,TPM,Project Manager – Process Management,"Princeton IT Services, Inc","New York, NY",https://www.linkedin.com/jobs/view/project-manager-%E2%80%93-process-management-at-princeton-it-services-inc-4366208123?position=4&pageNum=0&refId=zhgknVFI%2B4R5ELGKcS0ioQ%3D%3D&trackingId=Ok7gngToUywE3d7vgx2Gdg%3D%3D,2 months ago,2026-04-21T12:09:51.999062
LinkedIn,TPM,Director of Continuous Improvement,Aalberts integrated piping systems,"Pageland, SC",https://www.linkedin.com/jobs/view/director-of-continuous-improvement-at-aalberts-integrated-piping-systems-4398848113?position=5&pageNum=0&refId=zhgknVFI%2B4R5ELGKcS0ioQ%3D%3D&trackingId=WWatQqTXmGaq2I0E0PjP3A%3D%3D,1 week ago,2026-04-21T12:09:51.999062
LinkedIn,TPM,Continuous Process Improvement Sr. Manager,The Clorox Company,"Spring Hill, KS",https://www.linkedin.com/jobs/view/continuous-process-improvement-sr-manager-at-the-clorox-company-4388113843?position=6&pageNum=0&refId=zhgknVFI%2B4R5ELGKcS0ioQ%3D%3D&trackingId=ZpENZByB%2F%2F%2BxotOc6HvqJw%3D%3D,1 week ago,2026-04-21T12:09:51.999062
LinkedIn,TPM,Project Administrative Assistant,Kelly,Greater St. Louis,https://www.linkedin.com/jobs/view/project-administrative-assistant-at-kelly-4402061465?position=7&pageNum=0&refId=zhgknVFI%2B4R5ELGKcS0ioQ%3D%3D&trackingId=cqbGeF8XRZb7QF2sQ0i23A%3D%3D,6 days ago,2026-04-21T12:09:51.999062
LinkedIn,TPM,Chief Operating Officer,VVater,"Austin, TX",https://www.linkedin.com/jobs/view/chief-operating-officer-at-vvater-4303390357?position=8&pageNum=0&refId=zhgknVFI%2B4R5ELGKcS0ioQ%3D%3D&trackingId=IES6tY9I0RpGeoV6%2BnVJmw%3D%3D,7 months ago,2026-04-21T12:09:51.999062
LinkedIn,TPM,Regional TPM Site Operations Lead,"PECO Pallet, Inc.","North Canton, OH",https://www.linkedin.com/jobs/view/regional-tpm-site-operations-lead-at-peco-pallet-inc-4399486794?position=9&pageNum=0&refId=zhgknVFI%2B4R5ELGKcS0ioQ%3D%3D&trackingId=aem1ymwjMJghzCi7FbOq%2Fg%3D%3D,1 week ago,2026-04-21T12:09:51.999062
LinkedIn,TPM,Regional Operations Excellence Leader,Sealed Air Corporation,"Dallas, TX",https://www.linkedin.com/jobs/view/regional-operations-excellence-leader-at-sealed-air-corporation-4381658913?position=10&pageNum=0&refId=zhgknVFI%2B4R5ELGKcS0ioQ%3D%3D&trackingId=GVUjuTQmzBHQ3KKA9CNKIA%3D%3D,1 month ago,2026-04-21T12:09:51.999062
LinkedIn,TPM,Product Operations Manager,Decagon,"San Francisco, CA",https://www.linkedin.com/jobs/view/product-operations-manager-at-decagon-4366701737?position=11&pageNum=0&refId=zhgknVFI%2B4R5ELGKcS0ioQ%3D%3D&trackingId=wvoDC3xneuJLhDGjMcjikQ%3D%3D,2 weeks ago,2026-04-21T12:09:52.000061
LinkedIn,TPM,Senior Vice President Operations,The Sterling Choice,"Oak Brook, IL",https://www.linkedin.com/jobs/view/senior-vice-president-operations-at-the-sterling-choice-4391788258?position=12&pageNum=0&refId=zhgknVFI%2B4R5ELGKcS0ioQ%3D%3D&trackingId=afIXI3pe0HFHRufrWxSRCQ%3D%3D,3 weeks ago,2026-04-21T12:09:52.000061
LinkedIn,TPM,Continuous Improvement Manager,Kerry,"Melrose Park, IL",https://www.linkedin.com/jobs/view/continuous-improvement-manager-at-kerry-4403519634?position=13&pageNum=0&refId=zhgknVFI%2B4R5ELGKcS0ioQ%3D%3D&trackingId=x71vcbPvRxFVfhYsKIKlaA%3D%3D,3 days ago,2026-04-21T12:09:52.000061
LinkedIn,TPM,"Director, TPM, Delivery Operations, Global Network Delivery",Google,"Sunnyvale, CA",https://www.linkedin.com/jobs/view/director-tpm-delivery-operations-global-network-delivery-at-google-4398198321?position=14&pageNum=0&refId=zhgknVFI%2B4R5ELGKcS0ioQ%3D%3D&trackingId=CnzLrXxAX2g7sIXudiOKJQ%3D%3D,1 week ago,2026-04-21T12:09:52.000061
LinkedIn,TPM,Global Manufacturing and Operational Excellence Director,"Legrand, North America","Canonsburg, PA",https://www.linkedin.com/jobs/view/global-manufacturing-and-operational-excellence-director-at-legrand-north-america-4363950118?position=15&pageNum=0&refId=zhgknVFI%2B4R5ELGKcS0ioQ%3D%3D&trackingId=Fu7SjyVaVCX%2FHCHeuCCeBQ%3D%3D,2 months ago,2026-04-21T12:09:52.000061
LinkedIn,TPM,Global Operational Excellence Leader,Americhem,"Concord, NC",https://www.linkedin.com/jobs/view/global-operational-excellence-leader-at-americhem-4403698016?position=16&pageNum=0&refId=zhgknVFI%2B4R5ELGKcS0ioQ%3D%3D&trackingId=qvhUWxFc5ufpDtKcwL%2FpyA%3D%3D,10 hours ago,2026-04-21T12:09:52.000061
LinkedIn,TPM,Global Operational Excellence Leader,Americhem,"Dalton, GA",https://www.linkedin.com/jobs/view/global-operational-excellence-leader-at-americhem-4403691747?position=17&pageNum=0&refId=zhgknVFI%2B4R5ELGKcS0ioQ%3D%3D&trackingId=K11SbHPVkEBQeiGv41PhGg%3D%3D,10 hours ago,2026-04-21T12:09:52.000061
LinkedIn,TPM,Continuous Improvement Engineer,Bluewater Hayes Inc.,"Rockbridge County, VA",https://www.linkedin.com/jobs/view/continuous-improvement-engineer-at-bluewater-hayes-inc-4398492230?position=18&pageNum=0&refId=zhgknVFI%2B4R5ELGKcS0ioQ%3D%3D&trackingId=k9JYeWv90%2FXy2Mu9Jjnfuw%3D%3D,1 week ago,2026-04-21T12:09:52.000061
LinkedIn,TPM,Continuous Improvement Specialist,"Pete & Gerry's Organics, LLC","Gainesville, GA",https://www.linkedin.com/jobs/view/continuous-improvement-specialist-at-pete-gerry-s-organics-llc-4391488683?position=19&pageNum=0&refId=zhgknVFI%2B4R5ELGKcS0ioQ%3D%3D&trackingId=GZoja%2BqGX%2FCBR1DnhwbT%2Bg%3D%3D,3 weeks ago,2026-04-21T12:09:52.000061
LinkedIn,TPM,Global Operational Excellence Leader,Americhem,"Liberty, NC",https://www.linkedin.com/jobs/view/global-operational-excellence-leader-at-americhem-4403679918?position=20&pageNum=0&refId=zhgknVFI%2B4R5ELGKcS0ioQ%3D%3D&trackingId=SStYpvSm9HfDL0qx1Es46w%3D%3D,10 hours ago,2026-04-21T12:09:52.001073
LinkedIn,TPM,Technical Program Manager 6 - Data Systems,Netflix,United States,https://www.linkedin.com/jobs/view/technical-program-manager-6-data-systems-at-netflix-4400198696?position=21&pageNum=0&refId=zhgknVFI%2B4R5ELGKcS0ioQ%3D%3D&trackingId=fGzF70LCFYByH6hYSYYQzg%3D%3D,5 days ago,2026-04-21T12:09:52.001073
LinkedIn,TPM,Global Operational Excellence Leader,Americhem,"Cuyahoga Falls, OH",https://www.linkedin.com/jobs/view/global-operational-excellence-leader-at-americhem-4403695563?position=22&pageNum=0&refId=zhgknVFI%2B4R5ELGKcS0ioQ%3D%3D&trackingId=HSzilDQxlmiW6qp6WWd5rw%3D%3D,10 hours ago,2026-04-21T12:09:52.001073
LinkedIn,TPM,Continuous Improvement Program Manager,SCN BestCo,"Santa Cruz, CA",https://www.linkedin.com/jobs/view/continuous-improvement-program-manager-at-scn-bestco-4376155095?position=23&pageNum=0&refId=zhgknVFI%2B4R5ELGKcS0ioQ%3D%3D&trackingId=aN4VP3%2FN4zri%2BP1a2OKGaw%3D%3D,2 months ago,2026-04-21T12:09:52.001073
LinkedIn,TPM,Technical Program Manager (TPM),Spoonified,Dallas-Fort Worth Metroplex,https://www.linkedin.com/jobs/view/technical-program-manager-tpm-at-spoonified-4401826921?position=24&pageNum=0&refId=zhgknVFI%2B4R5ELGKcS0ioQ%3D%3D&trackingId=WtG81r7jz%2FCioFUAEUe2Bg%3D%3D,4 days ago,2026-04-21T12:09:52.001073
LinkedIn,TPM,Senior TPM - Applied AI,DeepRec.ai,"New York, NY",https://www.linkedin.com/jobs/view/senior-tpm-applied-ai-at-deeprec-ai-4404576260?position=25&pageNum=0&refId=zhgknVFI%2B4R5ELGKcS0ioQ%3D%3D&trackingId=uZXKav%2B5rqannQJpVRRoCQ%3D%3D,52 minutes ago,2026-04-21T12:09:52.001073
LinkedIn,TPM,Director of Plant Operations,"GE Appliances, a Haier company","Decatur, AL",https://www.linkedin.com/jobs/view/director-of-plant-operations-at-ge-appliances-a-haier-company-4402187738?position=26&pageNum=0&refId=zhgknVFI%2B4R5ELGKcS0ioQ%3D%3D&trackingId=u8%2FzaM9vkVgjTeo4sj0Rew%3D%3D,4 days ago,2026-04-21T12:09:52.001073
LinkedIn,TPM,Site Director,Glanbia Nutritionals,"Sharonville, OH",https://www.linkedin.com/jobs/view/site-director-at-glanbia-nutritionals-4296836475?position=27&pageNum=0&refId=zhgknVFI%2B4R5ELGKcS0ioQ%3D%3D&trackingId=lT4ICUnaShKx12adkG0RLg%3D%3D,7 months ago,2026-04-21T12:09:52.001073
LinkedIn,TPM,Program Manager (CapEx),WHOOP,"Boston, MA",https://www.linkedin.com/jobs/view/program-manager-capex-at-whoop-4268342450?position=28&pageNum=0&refId=zhgknVFI%2B4R5ELGKcS0ioQ%3D%3D&trackingId=mf5rPeuwmNPPsZIRNZON4w%3D%3D,2 weeks ago,2026-04-21T12:09:52.001073
LinkedIn,TPM,Continuous Improvement Specialist,Zeus,"Columbia, South Carolina Metropolitan Area",https://www.linkedin.com/jobs/view/continuous-improvement-specialist-at-zeus-4392454033?position=29&pageNum=0&refId=zhgknVFI%2B4R5ELGKcS0ioQ%3D%3D&trackingId=kYmNeaxGV1NbRGeFq8p%2BpQ%3D%3D,2 weeks ago,2026-04-21T12:09:52.002072
LinkedIn,TPM,"Data Scientist, Analytics (Technical Leadership)",Meta,"Washington, DC",https://www.linkedin.com/jobs/view/data-scientist-analytics-technical-leadership-at-meta-4254365968?position=30&pageNum=0&refId=zhgknVFI%2B4R5ELGKcS0ioQ%3D%3D&trackingId=Gw4uULCNXL3j6vB2KYKOJA%3D%3D,5 days ago,2026-04-21T12:09:52.002072
LinkedIn,Technical Program Manager,Strategic Program Manager,Samsara,United States,https://www.linkedin.com/jobs/view/strategic-program-manager-at-samsara-4391955552?position=1&pageNum=0&refId=mqbB2pImSJD7rJ44GdA25w%3D%3D&trackingId=V6dYhkaoqN7FLqTklltEdw%3D%3D,4 days ago,2026-04-21T12:09:52.462990
LinkedIn,Technical Program Manager,Senior Technical Program Manager,Roku,"San Jose, CA",https://www.linkedin.com/jobs/view/senior-technical-program-manager-at-roku-4401395672?position=2&pageNum=0&refId=mqbB2pImSJD7rJ44GdA25w%3D%3D&trackingId=OuNFymbgMMuSy3%2FfPOrLQw%3D%3D,1 week ago,2026-04-21T12:09:52.462990
LinkedIn,Technical Program Manager,"Senior Program Manager, Viewer Platform",Roku,"San Jose, CA",https://www.linkedin.com/jobs/view/senior-program-manager-viewer-platform-at-roku-4333111348?position=3&pageNum=0&refId=mqbB2pImSJD7rJ44GdA25w%3D%3D&trackingId=0bIijTktAHsqnHe8P%2Bgg0A%3D%3D,3 weeks ago,2026-04-21T12:09:52.462990
LinkedIn,Technical Program Manager,"Senior Program Manager, The Roku Channel (Cross Platform)",Roku,"San Jose, CA",https://www.linkedin.com/jobs/view/senior-program-manager-the-roku-channel-cross-platform-at-roku-4381616516?position=4&pageNum=0&refId=mqbB2pImSJD7rJ44GdA25w%3D%3D&trackingId=VwCMiY%2FTD3odvI9tuZsZCg%3D%3D,4 days ago,2026-04-21T12:09:52.462990
LinkedIn,Technical Program Manager,"Technical Program Manager, Voice",Roku,"Austin, TX",https://www.linkedin.com/jobs/view/technical-program-manager-voice-at-roku-4388505954?position=5&pageNum=0&refId=mqbB2pImSJD7rJ44GdA25w%3D%3D&trackingId=GleJ5bRIx%2FOvyAUoRJx6vw%3D%3D,1 week ago,2026-04-21T12:09:52.462990
LinkedIn,Technical Program Manager,"Senior Program Manager, Workday",Roku,"Austin, TX",https://www.linkedin.com/jobs/view/senior-program-manager-workday-at-roku-4386553525?position=6&pageNum=0&refId=mqbB2pImSJD7rJ44GdA25w%3D%3D&trackingId=d%2FgTLSRjqRXo%2BxW1IOnW1Q%3D%3D,2 weeks ago,2026-04-21T12:09:52.462990
LinkedIn,Technical Program Manager,Senior Program Manager,MediaTek,"Bellevue, WA",https://www.linkedin.com/jobs/view/senior-program-manager-at-mediatek-4314705013?position=7&pageNum=0&refId=mqbB2pImSJD7rJ44GdA25w%3D%3D&trackingId=%2BZoXXvmSqByf7cj3Px5Pyg%3D%3D,1 week ago,2026-04-21T12:09:52.462990
LinkedIn,Technical Program Manager,Technical Program Manager,Acorns,United States,https://www.linkedin.com/jobs/view/technical-program-manager-at-acorns-4393223315?position=8&pageNum=0&refId=mqbB2pImSJD7rJ44GdA25w%3D%3D&trackingId=VqxZUSSUkAkaOTU3I45oSg%3D%3D,3 weeks ago,2026-04-21T12:09:52.463990
LinkedIn,Technical Program Manager,"Senior Product Program Manager, Roadmap Planning & Program Management",Airbnb,"San Francisco, CA",https://www.linkedin.com/jobs/view/senior-product-program-manager-roadmap-planning-program-management-at-airbnb-4282112104?position=9&pageNum=0&refId=mqbB2pImSJD7rJ44GdA25w%3D%3D&trackingId=t01G38V0v5xKlHrhXmmtnw%3D%3D,3 weeks ago,2026-04-21T12:09:52.463990
LinkedIn,Technical Program Manager,"Sr. Manager, Technical Programs",Verkada,"San Mateo, CA",https://www.linkedin.com/jobs/view/sr-manager-technical-programs-at-verkada-4250677558?position=10&pageNum=0&refId=mqbB2pImSJD7rJ44GdA25w%3D%3D&trackingId=OSKCmgH1icEXqs9W5GdmTA%3D%3D,1 week ago,2026-04-21T12:09:52.463990
LinkedIn,Technical Program Manager,"Sr. Staff Technical Program Manager, Core Infrastructure",LinkedIn,"Sunnyvale, CA",https://www.linkedin.com/jobs/view/sr-staff-technical-program-manager-core-infrastructure-at-linkedin-4391886616?position=11&pageNum=0&refId=mqbB2pImSJD7rJ44GdA25w%3D%3D&trackingId=0vt%2FBMbLvI8QYhxQ3%2F7VTQ%3D%3D,2 hours ago,2026-04-21T12:09:52.463990
LinkedIn,Technical Program Manager,Sr. Program Manager,AMD,"Austin, TX",https://www.linkedin.com/jobs/view/sr-program-manager-at-amd-4400870839?position=12&pageNum=0&refId=mqbB2pImSJD7rJ44GdA25w%3D%3D&trackingId=ASKInqIr0RTMhnh%2BenkeEQ%3D%3D,3 days ago,2026-04-21T12:09:52.463990
LinkedIn,Technical Program Manager,Technical Program Manager: Platform Deployments,Simplesense,"Denver, CO",https://www.linkedin.com/jobs/view/technical-program-manager-platform-deployments-at-simplesense-4394934457?position=13&pageNum=0&refId=mqbB2pImSJD7rJ44GdA25w%3D%3D&trackingId=f4%2Fu7H1G3PwpcCBKfZIuxg%3D%3D,2 weeks ago,2026-04-21T12:09:52.463990
LinkedIn,Technical Program Manager,Technical Program Manager L6 - Messaging,Netflix,"Los Gatos, CA",https://www.linkedin.com/jobs/view/technical-program-manager-l6-messaging-at-netflix-4396174264?position=14&pageNum=0&refId=mqbB2pImSJD7rJ44GdA25w%3D%3D&trackingId=KXVcIwnUZvYjkdcBF7VQCA%3D%3D,2 weeks ago,2026-04-21T12:09:52.463990
LinkedIn,Technical Program Manager,Technical Program Manager,Meta,"Menlo Park, CA",https://www.linkedin.com/jobs/view/technical-program-manager-at-meta-4120830084?position=15&pageNum=0&refId=mqbB2pImSJD7rJ44GdA25w%3D%3D&trackingId=xEItEgF%2F6D2YMszBdo5NjQ%3D%3D,5 days ago,2026-04-21T12:09:52.463990
LinkedIn,Technical Program Manager,Technical Program Manager,Meta,United States,https://www.linkedin.com/jobs/view/technical-program-manager-at-meta-4120826430?position=16&pageNum=0&refId=mqbB2pImSJD7rJ44GdA25w%3D%3D&trackingId=9iAw123kNjZWPFQigy18ow%3D%3D,4 days ago,2026-04-21T12:09:52.463990
LinkedIn,Technical Program Manager,Technical Program Manager 5 - Ads Reporting,Netflix,"New York, NY",https://www.linkedin.com/jobs/view/technical-program-manager-5-ads-reporting-at-netflix-4396853941?position=17&pageNum=0&refId=mqbB2pImSJD7rJ44GdA25w%3D%3D&trackingId=ruCd6EHMthv0nj55ex3Aaw%3D%3D,2 weeks ago,2026-04-21T12:09:52.464990
LinkedIn,Technical Program Manager,Technical Program Manager 6 - Data Systems,Netflix,United States,https://www.linkedin.com/jobs/view/technical-program-manager-6-data-systems-at-netflix-4400198696?position=18&pageNum=0&refId=mqbB2pImSJD7rJ44GdA25w%3D%3D&trackingId=XX4Vw6jROGiqDJWb6Q9Dzw%3D%3D,5 days ago,2026-04-21T12:09:52.464990
LinkedIn,Technical Program Manager,"Staff Technical Program Manager, Physical Infrastructure",LinkedIn,"Mountain View, CA",https://www.linkedin.com/jobs/view/staff-technical-program-manager-physical-infrastructure-at-linkedin-4391881646?position=19&pageNum=0&refId=mqbB2pImSJD7rJ44GdA25w%3D%3D&trackingId=7yw1FZJmMpqjdRamK4336Q%3D%3D,2 hours ago,2026-04-21T12:09:52.464990
LinkedIn,Technical Program Manager,Technical Program Manager II,Switch,Atlanta Metropolitan Area,https://www.linkedin.com/jobs/view/technical-program-manager-ii-at-switch-4388212588?position=20&pageNum=0&refId=mqbB2pImSJD7rJ44GdA25w%3D%3D&trackingId=MDmuBawbEVDkLqEYEE%2ByzQ%3D%3D,1 week ago,2026-04-21T12:09:52.464990
LinkedIn,Technical Program Manager,Sr. Program Manager,AMD,"Austin, TX",https://www.linkedin.com/jobs/view/sr-program-manager-at-amd-4389182481?position=21&pageNum=0&refId=mqbB2pImSJD7rJ44GdA25w%3D%3D&trackingId=WBPYkIM%2B1xvRNc%2B9uBKz0g%3D%3D,5 days ago,2026-04-21T12:09:52.464990
LinkedIn,Technical Program Manager,Technical Program Manager II,Veracity Software Inc,"Mountain View, CA",https://www.linkedin.com/jobs/view/technical-program-manager-ii-at-veracity-software-inc-4399967708?position=22&pageNum=0&refId=mqbB2pImSJD7rJ44GdA25w%3D%3D&trackingId=wkNt%2Fd17H%2FRBAdUxGX6YRQ%3D%3D,5 days ago,2026-04-21T12:09:52.464990
LinkedIn,Technical Program Manager,Technical Program Manager,Meta,"Sunnyvale, CA",https://www.linkedin.com/jobs/view/technical-program-manager-at-meta-4120829157?position=23&pageNum=0&refId=mqbB2pImSJD7rJ44GdA25w%3D%3D&trackingId=czWIpk1KPliZ6qmWLZYm0A%3D%3D,5 days ago,2026-04-21T12:09:52.464990
LinkedIn,Technical Program Manager,Senior Program Manager,Robert Half,United States,https://www.linkedin.com/jobs/view/senior-program-manager-at-robert-half-4402750687?position=24&pageNum=0&refId=mqbB2pImSJD7rJ44GdA25w%3D%3D&trackingId=0p10bZJy1Bf8DNUbg1PH6A%3D%3D,3 days ago,2026-04-21T12:09:52.464990
LinkedIn,Technical Program Manager,Program Manager (Senior),Ansible Government Solutions,"Washington, DC",https://www.linkedin.com/jobs/view/program-manager-senior-at-ansible-government-solutions-4366744748?position=25&pageNum=0&refId=mqbB2pImSJD7rJ44GdA25w%3D%3D&trackingId=VsEnPS2mO0FdxLwdAySTXQ%3D%3D,2 months ago,2026-04-21T12:09:52.464990
LinkedIn,Technical Program Manager,Senior Technical Program Manager,Ford Motor Company,"Long Beach, CA",https://www.linkedin.com/jobs/view/senior-technical-program-manager-at-ford-motor-company-4358910292?position=26&pageNum=0&refId=mqbB2pImSJD7rJ44GdA25w%3D%3D&trackingId=OC6FB6oYCIaiSx2ivOfgsQ%3D%3D,2 days ago,2026-04-21T12:09:52.465987
LinkedIn,Technical Program Manager,Senior Technical Program Manager,Pickle Robot Company,"Boston, MA",https://www.linkedin.com/jobs/view/senior-technical-program-manager-at-pickle-robot-company-4344814622?position=27&pageNum=0&refId=mqbB2pImSJD7rJ44GdA25w%3D%3D&trackingId=OeZKwXWb3SJdrCDJDW1fzA%3D%3D,4 months ago,2026-04-21T12:09:52.465987
LinkedIn,Technical Program Manager,Senior Program Manager,HCLTech,"San Antonio, Texas Metropolitan Area",https://www.linkedin.com/jobs/view/senior-program-manager-at-hcltech-4391495762?position=28&pageNum=0&refId=mqbB2pImSJD7rJ44GdA25w%3D%3D&trackingId=X9TdGPXSvXtxZIJWC%2BgDWA%3D%3D,3 weeks ago,2026-04-21T12:09:52.465987
LinkedIn,Technical Program Manager,"Senior Manager, Technology PMO",Medidata Solutions,"New York, United States",https://www.linkedin.com/jobs/view/senior-manager-technology-pmo-at-medidata-solutions-4396670300?position=29&pageNum=0&refId=mqbB2pImSJD7rJ44GdA25w%3D%3D&trackingId=K%2F1ynWeyM6cy0DTxMSdDyw%3D%3D,2 weeks ago,2026-04-21T12:09:52.465987
LinkedIn,Technical Program Manager,"Technical Program Manager, Edge Infrastructure",TikTok,"San Jose, CA",https://www.linkedin.com/jobs/view/technical-program-manager-edge-infrastructure-at-tiktok-4392461134?position=30&pageNum=0&refId=mqbB2pImSJD7rJ44GdA25w%3D%3D&trackingId=K82nAT4Wu3AW9rnD9vkxUw%3D%3D,2 weeks ago,2026-04-21T12:09:52.465987
LinkedIn,AI Engineer,"Machine Learning Engineer , AI",Biohub,"New York, NY",https://www.linkedin.com/jobs/view/machine-learning-engineer-ai-at-biohub-4398451971?position=1&pageNum=0&refId=cTcVibazJUifVgvxs9JbVg%3D%3D&trackingId=xQ0A5PFjBS75%2BYQsOlyNqg%3D%3D,1 week ago,2026-04-21T12:09:52.254772
LinkedIn,AI Engineer,"Machine Learning Engineer , AI",Biohub,"Redwood City, CA",https://www.linkedin.com/jobs/view/machine-learning-engineer-ai-at-biohub-4398630444?position=2&pageNum=0&refId=cTcVibazJUifVgvxs9JbVg%3D%3D&trackingId=FI9zI%2BMGYiuxOduWcrWNzA%3D%3D,1 week ago,2026-04-21T12:09:52.254772
LinkedIn,AI Engineer,Machine Learning Engineer,Shipt,United States,https://www.linkedin.com/jobs/view/machine-learning-engineer-at-shipt-4402000096?position=3&pageNum=0&refId=cTcVibazJUifVgvxs9JbVg%3D%3D&trackingId=JSLhHLjqmZGFdcq%2FQhvbFA%3D%3D,6 days ago,2026-04-21T12:09:52.254772
LinkedIn,AI Engineer,AI Solutions Engineer ($160K – $200K + Equity) at V7,Jack & Jill,"New York, United States",https://www.linkedin.com/jobs/view/ai-solutions-engineer-%24160k-%E2%80%93-%24200k-%2B-equity-at-v7-at-jack-jill-4401748444?position=4&pageNum=0&refId=cTcVibazJUifVgvxs9JbVg%3D%3D&trackingId=OxEHUfcBRjhON3L12LUzsA%3D%3D,6 days ago,2026-04-21T12:09:52.254772
LinkedIn,AI Engineer,Machine Learning Engineer,"Roper Technologies, Inc.","Sarasota, FL",https://www.linkedin.com/jobs/view/machine-learning-engineer-at-roper-technologies-inc-4401398242?position=5&pageNum=0&refId=cTcVibazJUifVgvxs9JbVg%3D%3D&trackingId=J1FtVCMOmz4w2K4hS%2F4XzA%3D%3D,1 week ago,2026-04-21T12:09:52.254772
LinkedIn,AI Engineer,Software Engineer ($165k-$250k + Equity) at Strala,Jack & Jill,San Francisco Bay Area,https://www.linkedin.com/jobs/view/software-engineer-%24165k-%24250k-%2B-equity-at-strala-at-jack-jill-4401737815?position=6&pageNum=0&refId=cTcVibazJUifVgvxs9JbVg%3D%3D&trackingId=9yXbFptQo5p891zVK3RtJg%3D%3D,6 days ago,2026-04-21T12:09:52.254772
LinkedIn,AI Engineer,Data Scientist,Samba TV,"San Francisco, CA",https://www.linkedin.com/jobs/view/data-scientist-at-samba-tv-4401794091?position=7&pageNum=0&refId=cTcVibazJUifVgvxs9JbVg%3D%3D&trackingId=sSkMx17iHfvLBMh9YGnbIQ%3D%3D,6 days ago,2026-04-21T12:09:52.255776
LinkedIn,AI Engineer,AI/ML Engineer,WB Solutions LLC,"Frisco, TX",https://www.linkedin.com/jobs/view/ai-ml-engineer-at-wb-solutions-llc-4399541564?position=8&pageNum=0&refId=cTcVibazJUifVgvxs9JbVg%3D%3D&trackingId=ZP0%2B27eMn75GhyBWetfN8g%3D%3D,1 week ago,2026-04-21T12:09:52.255776
LinkedIn,AI Engineer,AI/ML Engineer ($250K–$400K + Equity) at Known,Jack & Jill,"San Francisco, CA",https://www.linkedin.com/jobs/view/ai-ml-engineer-%24250k%E2%80%93%24400k-%2B-equity-at-known-at-jack-jill-4400766383?position=9&pageNum=0&refId=cTcVibazJUifVgvxs9JbVg%3D%3D&trackingId=jZnpEqUWVSxW4xbh8E0JUg%3D%3D,6 days ago,2026-04-21T12:09:52.255776
LinkedIn,AI Engineer,Machine Learning Engineer,PayPal,"Chicago, IL",https://www.linkedin.com/jobs/view/machine-learning-engineer-at-paypal-4401777435?position=10&pageNum=0&refId=cTcVibazJUifVgvxs9JbVg%3D%3D&trackingId=aS3t9il1uKYlfI9Gp%2Be5ng%3D%3D,6 days ago,2026-04-21T12:09:52.255776
LinkedIn,AI Engineer,Junior AI Engineer,Onto Innovation,"Wilmington, MA",https://www.linkedin.com/jobs/view/junior-ai-engineer-at-onto-innovation-4310893067?position=11&pageNum=0&refId=cTcVibazJUifVgvxs9JbVg%3D%3D&trackingId=4b9FarK5Y%2FpWQUkAVz6PoQ%3D%3D,1 day ago,2026-04-21T12:09:52.255776
LinkedIn,AI Engineer,(Jr.) Machine Learning (ML) Developer,Laminar,"Somerville, MA",https://www.linkedin.com/jobs/view/jr-machine-learning-ml-developer-at-laminar-4402936526?position=12&pageNum=0&refId=cTcVibazJUifVgvxs9JbVg%3D%3D&trackingId=886cAdjPXYbjgoZ6%2BSlNoA%3D%3D,5 days ago,2026-04-21T12:09:52.255776
LinkedIn,AI Engineer,"Software Engineer, AI/ML, Platforms and Devices",Google,"Mountain View, CA",https://www.linkedin.com/jobs/view/software-engineer-ai-ml-platforms-and-devices-at-google-4399631159?position=13&pageNum=0&refId=cTcVibazJUifVgvxs9JbVg%3D%3D&trackingId=oVl3Rgxxo9apKUqe8AkAlg%3D%3D,1 week ago,2026-04-21T12:09:52.255776
LinkedIn,AI Engineer,AI/ML Engineer,Careerswift,"San Francisco, CA",https://www.linkedin.com/jobs/view/ai-ml-engineer-at-careerswift-4402038697?position=14&pageNum=0&refId=cTcVibazJUifVgvxs9JbVg%3D%3D&trackingId=Qq6%2FMkbq4OyB38EUGMiggQ%3D%3D,6 days ago,2026-04-21T12:09:52.255776
LinkedIn,AI Engineer,Python AI/ML Developer,Kforce Inc,"Columbus, OH",https://www.linkedin.com/jobs/view/python-ai-ml-developer-at-kforce-inc-4360796507?position=15&pageNum=0&refId=cTcVibazJUifVgvxs9JbVg%3D%3D&trackingId=jXVkGlVMI2rMxYiofvU8bQ%3D%3D,1 week ago,2026-04-21T12:09:52.255776
LinkedIn,AI Engineer,Python AI/ML Developer,Kforce Inc,"Wilmington, DE",https://www.linkedin.com/jobs/view/python-ai-ml-developer-at-kforce-inc-4361156332?position=16&pageNum=0&refId=cTcVibazJUifVgvxs9JbVg%3D%3D&trackingId=sjIHZwIGQi1fUzFwbiUgxg%3D%3D,2 weeks ago,2026-04-21T12:09:52.255776
LinkedIn,AI Engineer,"Software Engineer, AI Platform - New Grad",Nuro,"Mountain View, CA",https://www.linkedin.com/jobs/view/software-engineer-ai-platform-new-grad-at-nuro-4317707969?position=17&pageNum=0&refId=cTcVibazJUifVgvxs9JbVg%3D%3D&trackingId=uwiq4xNFPCfYRpGbzaHRiQ%3D%3D,1 week ago,2026-04-21T12:09:52.256773
LinkedIn,AI Engineer,Data Scientist/Artificial Intelligence (AI) Intern,Geosyntec Consultants,"Kennesaw, GA",https://www.linkedin.com/jobs/view/data-scientist-artificial-intelligence-ai-intern-at-geosyntec-consultants-4400038492?position=18&pageNum=0&refId=cTcVibazJUifVgvxs9JbVg%3D%3D&trackingId=Z9v6%2Bs1lN%2BAoDsiGtsvllA%3D%3D,1 week ago,2026-04-21T12:09:52.256773
LinkedIn,AI Engineer,Machine Learning Engineer,Next Ventures,"New York, United States",https://www.linkedin.com/jobs/view/machine-learning-engineer-at-next-ventures-4400770294?position=19&pageNum=0&refId=cTcVibazJUifVgvxs9JbVg%3D%3D&trackingId=wPnkei8b64qzl37MnEc%2Bkw%3D%3D,6 days ago,2026-04-21T12:09:52.256773
LinkedIn,AI Engineer,"ML Engineer, RL & Autonomous Discovery",Terray Therapeutics,United States,https://www.linkedin.com/jobs/view/ml-engineer-rl-autonomous-discovery-at-terray-therapeutics-4404008063?position=20&pageNum=0&refId=cTcVibazJUifVgvxs9JbVg%3D%3D&trackingId=CBXTgW57IxZdLC%2BNN6KERA%3D%3D,1 day ago,2026-04-21T12:09:52.256773
LinkedIn,AI Engineer,"Machine Learning Engineer, AI Agent Platform",Arta Finance,"Mountain View, CA",https://www.linkedin.com/jobs/view/machine-learning-engineer-ai-agent-platform-at-arta-finance-4401035890?position=21&pageNum=0&refId=cTcVibazJUifVgvxs9JbVg%3D%3D&trackingId=fShX%2Fhi%2F2HwvLqBZvzA8oA%3D%3D,1 week ago,2026-04-21T12:09:52.256773
LinkedIn,AI Engineer,Machine Learning  Engineer,Colgate-Palmolive,"New York, NY",https://www.linkedin.com/jobs/view/machine-learning-engineer-at-colgate-palmolive-4399787891?position=22&pageNum=0&refId=cTcVibazJUifVgvxs9JbVg%3D%3D&trackingId=Zv%2Br31dcUZpET1JK%2Bp%2FsEg%3D%3D,6 days ago,2026-04-21T12:09:52.256773
LinkedIn,AI Engineer,Python Developer - AI/ML applications,Mphasis,"New York, United States",https://www.linkedin.com/jobs/view/python-developer-ai-ml-applications-at-mphasis-4380208215?position=23&pageNum=0&refId=cTcVibazJUifVgvxs9JbVg%3D%3D&trackingId=kmgmHw4cFzwOYqyBUdSp1Q%3D%3D,1 month ago,2026-04-21T12:09:52.256773
LinkedIn,AI Engineer,AI/ML Engineer,Danta Technologies,"Malvern, PA",https://www.linkedin.com/jobs/view/ai-ml-engineer-at-danta-technologies-4401594772?position=24&pageNum=0&refId=cTcVibazJUifVgvxs9JbVg%3D%3D&trackingId=8FsERCxdN6FJlvuUwXmL9Q%3D%3D,1 week ago,2026-04-21T12:09:52.256773
LinkedIn,AI Engineer,ML Engineer,Catalyst Labs,"San Francisco, CA",https://www.linkedin.com/jobs/view/ml-engineer-at-catalyst-labs-4398687038?position=25&pageNum=0&refId=cTcVibazJUifVgvxs9JbVg%3D%3D&trackingId=%2BAs9Vzd8OQ6Jope2YvTWXw%3D%3D,1 week ago,2026-04-21T12:09:52.256773
LinkedIn,AI Engineer,ML Engineer,Catalyst Labs,"California, United States",https://www.linkedin.com/jobs/view/ml-engineer-at-catalyst-labs-4398670363?position=26&pageNum=0&refId=cTcVibazJUifVgvxs9JbVg%3D%3D&trackingId=0oH%2BJ%2B5qG7L4af1Kb7HB%2Bw%3D%3D,1 week ago,2026-04-21T12:09:52.256773
LinkedIn,AI Engineer,Machine Learning Engineer,RAZOR,"Reston, VA",https://www.linkedin.com/jobs/view/machine-learning-engineer-at-razor-4400771941?position=27&pageNum=0&refId=cTcVibazJUifVgvxs9JbVg%3D%3D&trackingId=aEeQ5sjtgHEDh2k09tax5w%3D%3D,6 days ago,2026-04-21T12:09:52.256773
LinkedIn,AI Engineer,"Software Engineer, AI Workflows",Notion,"New York, NY",https://www.linkedin.com/jobs/view/software-engineer-ai-workflows-at-notion-4398969742?position=28&pageNum=0&refId=cTcVibazJUifVgvxs9JbVg%3D%3D&trackingId=pSZoNZS93iPT9jSsGdKbSA%3D%3D,1 week ago,2026-04-21T12:09:52.256773
LinkedIn,AI Engineer,Machine Learning Engineer,Silvus Technologies,"Los Angeles, CA",https://www.linkedin.com/jobs/view/machine-learning-engineer-at-silvus-technologies-4399585324?position=29&pageNum=0&refId=cTcVibazJUifVgvxs9JbVg%3D%3D&trackingId=PDK2M4m8DUGYXBHaFnioVQ%3D%3D,1 week ago,2026-04-21T12:09:52.256773
LinkedIn,AI Engineer,Applied AI/ML Engineer,Replica,"San Francisco, CA",https://www.linkedin.com/jobs/view/applied-ai-ml-engineer-at-replica-4300142232?position=30&pageNum=0&refId=cTcVibazJUifVgvxs9JbVg%3D%3D&trackingId=DgEnRqyTZPdgHkv0Mrq8sw%3D%3D,7 months ago,2026-04-21T12:09:52.256773
LinkedIn,Payments Engineer,"UI Engineer L4, Ads Engineering",Netflix,"New York, NY",https://www.linkedin.com/jobs/view/ui-engineer-l4-ads-engineering-at-netflix-4309908618?position=1&pageNum=0&refId=N1GvbAK8Mzgkx8vzD6Dbrw%3D%3D&trackingId=ZjfRjRUek6ohzo8clq12CA%3D%3D,2 hours ago,2026-04-21T12:09:52.214668
LinkedIn,Payments Engineer,Payments and Billing Engineer (Stripe),HYGO,United States,https://www.linkedin.com/jobs/view/payments-and-billing-engineer-stripe-at-hygo-4404314271?position=2&pageNum=0&refId=N1GvbAK8Mzgkx8vzD6Dbrw%3D%3D&trackingId=85wy2yQ7cFcrNTVfpgGNmA%3D%3D,20 hours ago,2026-04-21T12:09:52.214668
LinkedIn,Payments Engineer,Founding Engineer ($120k-$190k + Equity) at Toolkit,Jack & Jill,"San Francisco, CA",https://www.linkedin.com/jobs/view/founding-engineer-%24120k-%24190k-%2B-equity-at-toolkit-at-jack-jill-4400751442?position=3&pageNum=0&refId=N1GvbAK8Mzgkx8vzD6Dbrw%3D%3D&trackingId=4pNuUMPs6mXexm6eegWPFQ%3D%3D,6 days ago,2026-04-21T12:09:52.214668
LinkedIn,Payments Engineer,Founding Engineer ($140K-$180K + Equity) at Nero,Jack & Jill,San Francisco Bay Area,https://www.linkedin.com/jobs/view/founding-engineer-%24140k-%24180k-%2B-equity-at-nero-at-jack-jill-4401639284?position=4&pageNum=0&refId=N1GvbAK8Mzgkx8vzD6Dbrw%3D%3D&trackingId=ONuxQZSMX112sm6L4rm6fw%3D%3D,21 hours ago,2026-04-21T12:09:52.214668
LinkedIn,Payments Engineer,Assistant / Associate Engineer,City of Riverside,"California, United States",https://www.linkedin.com/jobs/view/assistant-associate-engineer-at-city-of-riverside-4373170064?position=5&pageNum=0&refId=N1GvbAK8Mzgkx8vzD6Dbrw%3D%3D&trackingId=flafJIFEMl%2FRcjn9clWinA%3D%3D,2 months ago,2026-04-21T12:09:52.214668
LinkedIn,Payments Engineer,Junior Software Engineer,Bill360,Greater Tampa Bay Area,https://www.linkedin.com/jobs/view/junior-software-engineer-at-bill360-4400779303?position=6&pageNum=0&refId=N1GvbAK8Mzgkx8vzD6Dbrw%3D%3D&trackingId=yBP8d4mC3NqG2Luuz4b7Pw%3D%3D,6 days ago,2026-04-21T12:09:52.214668
LinkedIn,Payments Engineer,Software Engineer,PayPal,"Austin, TX",https://www.linkedin.com/jobs/view/software-engineer-at-paypal-4401764957?position=7&pageNum=0&refId=N1GvbAK8Mzgkx8vzD6Dbrw%3D%3D&trackingId=HZeBpvFotaU4sP4f%2BxJapw%3D%3D,6 days ago,2026-04-21T12:09:52.214668
LinkedIn,Payments Engineer,Founding Engineer ($200K - $250K + Up to 1% Equity) at YC-backed AI GTM startup,CoffeeSpace,San Francisco Bay Area,https://www.linkedin.com/jobs/view/founding-engineer-%24200k-%24250k-%2B-up-to-1%25-equity-at-yc-backed-ai-gtm-startup-at-coffeespace-4402335333?position=8&pageNum=0&refId=N1GvbAK8Mzgkx8vzD6Dbrw%3D%3D&trackingId=9VNwjQOxIW4C%2Fp78WH7oYA%3D%3D,4 days ago,2026-04-21T12:09:52.215670
LinkedIn,Payments Engineer,"Software Engineer, Payments",OpenAI,"San Francisco, CA",https://www.linkedin.com/jobs/view/software-engineer-payments-at-openai-4347633397?position=9&pageNum=0&refId=N1GvbAK8Mzgkx8vzD6Dbrw%3D%3D&trackingId=BTtdZaUS45uoecmIcvra1Q%3D%3D,2 weeks ago,2026-04-21T12:09:52.215670
LinkedIn,Payments Engineer,Founding Engineer ($180K – $225K + Equity) at Kiloforge,Jack & Jill,"San Francisco, CA",https://www.linkedin.com/jobs/view/founding-engineer-%24180k-%E2%80%93-%24225k-%2B-equity-at-kiloforge-at-jack-jill-4404588118?position=10&pageNum=0&refId=N1GvbAK8Mzgkx8vzD6Dbrw%3D%3D&trackingId=jIJlEvAJqhRqgMZklOoCUA%3D%3D,40 minutes ago,2026-04-21T12:09:52.215670
LinkedIn,Payments Engineer,"Software Engineer 5 - Member, Commerce & Games Engineering",Netflix,United States,https://www.linkedin.com/jobs/view/software-engineer-5-member-commerce-games-engineering-at-netflix-4219576591?position=11&pageNum=0&refId=N1GvbAK8Mzgkx8vzD6Dbrw%3D%3D&trackingId=1D5UjiGPnYpWOWCrkNgRKA%3D%3D,1 week ago,2026-04-21T12:09:52.215670
LinkedIn,Payments Engineer,Payments Engineer,Mercor,"San Francisco, CA",https://www.linkedin.com/jobs/view/payments-engineer-at-mercor-4390690834?position=12&pageNum=0&refId=N1GvbAK8Mzgkx8vzD6Dbrw%3D%3D&trackingId=EqzwdE0ry38XhJGBBdjL3A%3D%3D,5 days ago,2026-04-21T12:09:52.215670
LinkedIn,Payments Engineer,Staff Frontend Software Engineer - Payments and Checkout,Breeze,"New York, NY",https://www.linkedin.com/jobs/view/staff-frontend-software-engineer-payments-and-checkout-at-breeze-4399587250?position=13&pageNum=0&refId=N1GvbAK8Mzgkx8vzD6Dbrw%3D%3D&trackingId=dd7cg6%2FtohAI0Vt9WFjXmw%3D%3D,1 week ago,2026-04-21T12:09:52.215670
LinkedIn,Payments Engineer,Payments & Billing Systems Engineer [81948],Onward Search,"Las Vegas, NV",https://www.linkedin.com/jobs/view/payments-billing-systems-engineer-81948-at-onward-search-4401666487?position=14&pageNum=0&refId=N1GvbAK8Mzgkx8vzD6Dbrw%3D%3D&trackingId=QHaHeayreMRTv4xxUKDP7A%3D%3D,16 hours ago,2026-04-21T12:09:52.215670
LinkedIn,Payments Engineer,Payments – Lead QA Engineer - Vice President,Deutsche Bank,"Cary, NC",https://www.linkedin.com/jobs/view/payments-%E2%80%93-lead-qa-engineer-vice-president-at-deutsche-bank-4336135313?position=15&pageNum=0&refId=N1GvbAK8Mzgkx8vzD6Dbrw%3D%3D&trackingId=hy14DZIwY7bdxZ0gUfFfaw%3D%3D,6 days ago,2026-04-21T12:09:52.215670
LinkedIn,Payments Engineer,"Software Engineer, Backend",PayPal,"San Jose, CA",https://www.linkedin.com/jobs/view/software-engineer-backend-at-paypal-4402295703?position=16&pageNum=0&refId=N1GvbAK8Mzgkx8vzD6Dbrw%3D%3D&trackingId=Qn7pMvp2szfMfh5M29NMBw%3D%3D,5 days ago,2026-04-21T12:09:52.215670
LinkedIn,Payments Engineer,"Founding Deployed Engineer ($180K – $250K + 0.3% – 0.8% Equity) at BUILD, Inc.",Jack & Jill,"New York, NY",https://www.linkedin.com/jobs/view/founding-deployed-engineer-%24180k-%E2%80%93-%24250k-%2B-0-3%25-%E2%80%93-0-8%25-equity-at-build-inc-at-jack-jill-4401596560?position=17&pageNum=0&refId=N1GvbAK8Mzgkx8vzD6Dbrw%3D%3D&trackingId=WUHpVQBV%2FM8eqrqy8wb5Gg%3D%3D,1 week ago,2026-04-21T12:09:52.216669
LinkedIn,Payments Engineer,"Senior Software Engineer, Payments",Wellfit Technologies,"Irving, TX",https://www.linkedin.com/jobs/view/senior-software-engineer-payments-at-wellfit-technologies-4403053076?position=18&pageNum=0&refId=N1GvbAK8Mzgkx8vzD6Dbrw%3D%3D&trackingId=S5TAhubfo59WYmL6OKkfLg%3D%3D,2 days ago,2026-04-21T12:09:52.216669
LinkedIn,Payments Engineer,Senior Engineer - Vice President,Deutsche Bank,"Cary, NC",https://www.linkedin.com/jobs/view/senior-engineer-vice-president-at-deutsche-bank-4370831975?position=19&pageNum=0&refId=N1GvbAK8Mzgkx8vzD6Dbrw%3D%3D&trackingId=zRG2F5K2kye7W6PiSlOWPw%3D%3D,1 week ago,2026-04-21T12:09:52.216669
LinkedIn,Payments Engineer,"Senior Engineer, Payments",SEPHORA,"San Francisco, CA",https://www.linkedin.com/jobs/view/senior-engineer-payments-at-sephora-4401455908?position=20&pageNum=0&refId=N1GvbAK8Mzgkx8vzD6Dbrw%3D%3D&trackingId=CfPMlE2fgDAo4p5SYGROPQ%3D%3D,5 days ago,2026-04-21T12:09:52.216669
LinkedIn,Payments Engineer,Trading Engineer,Fintal Partners,"Chicago, IL",https://www.linkedin.com/jobs/view/trading-engineer-at-fintal-partners-4400755850?position=21&pageNum=0&refId=N1GvbAK8Mzgkx8vzD6Dbrw%3D%3D&trackingId=zTZ%2FRhMJnzp0vMUlu4LE1w%3D%3D,6 days ago,2026-04-21T12:09:52.216669
LinkedIn,Payments Engineer,12-Month Engineering Placement In Damhead Creek,targetjobs UK,"Rochester, NY",https://www.linkedin.com/jobs/view/12-month-engineering-placement-in-damhead-creek-at-targetjobs-uk-4384679164?position=22&pageNum=0&refId=N1GvbAK8Mzgkx8vzD6Dbrw%3D%3D&trackingId=UqVnPuOOybCUduCMBNUOTQ%3D%3D,1 month ago,2026-04-21T12:09:52.216669
LinkedIn,Payments Engineer,Backend / Data Engineer,The Sapling Group,"Scottsdale, AZ",https://www.linkedin.com/jobs/view/backend-data-engineer-at-the-sapling-group-4403655607?position=23&pageNum=0&refId=N1GvbAK8Mzgkx8vzD6Dbrw%3D%3D&trackingId=iCizOmyTDgUgIskzukaL7w%3D%3D,14 hours ago,2026-04-21T12:09:52.216669
LinkedIn,Payments Engineer,"Software Engineer, Bill Pay & Procurement",Ramp,"San Francisco, CA",https://www.linkedin.com/jobs/view/software-engineer-bill-pay-procurement-at-ramp-4333152741?position=24&pageNum=0&refId=N1GvbAK8Mzgkx8vzD6Dbrw%3D%3D&trackingId=UNYUyuhh53%2FUab3EbcXTpg%3D%3D,1 day ago,2026-04-21T12:09:52.216669
LinkedIn,Payments Engineer,"Full Stack Developer, Payments",Optimized Payments,"Atlanta, GA",https://www.linkedin.com/jobs/view/full-stack-developer-payments-at-optimized-payments-4375467853?position=25&pageNum=0&refId=N1GvbAK8Mzgkx8vzD6Dbrw%3D%3D&trackingId=6DiWcMK%2FIS8WPNEAD07npw%3D%3D,2 months ago,2026-04-21T12:09:52.216669
LinkedIn,Payments Engineer,Founding Engineer ($150k-$250k + Equity) at Toolkit,Jack & Jill,"San Francisco, CA",https://www.linkedin.com/jobs/view/founding-engineer-%24150k-%24250k-%2B-equity-at-toolkit-at-jack-jill-4401636413?position=26&pageNum=0&refId=N1GvbAK8Mzgkx8vzD6Dbrw%3D%3D&trackingId=ckZAmcvGHkoBt8J%2F8jyrsw%3D%3D,21 hours ago,2026-04-21T12:09:52.216669
LinkedIn,Payments Engineer,GTM Engineer - Remote In The United States,Mercier Consultancy MD,United States,https://www.linkedin.com/jobs/view/gtm-engineer-remote-in-the-united-states-at-mercier-consultancy-md-4401771385?position=27&pageNum=0&refId=N1GvbAK8Mzgkx8vzD6Dbrw%3D%3D&trackingId=61gieMzuDt%2Fsquy7B6riMw%3D%3D,6 days ago,2026-04-21T12:09:52.216669
LinkedIn,Payments Engineer,"Product Solutions Engineer, Monetization, Payments Platform",Google,"Sunnyvale, CA",https://www.linkedin.com/jobs/view/product-solutions-engineer-monetization-payments-platform-at-google-4398133787?position=28&pageNum=0&refId=N1GvbAK8Mzgkx8vzD6Dbrw%3D%3D&trackingId=%2BUtkC3cXqLDfIkQtgjqjWA%3D%3D,1 week ago,2026-04-21T12:09:52.216669
LinkedIn,Payments Engineer,Feature Assurance Engineer,Global Connect Technologies,"Dearborn, MI",https://www.linkedin.com/jobs/view/feature-assurance-engineer-at-global-connect-technologies-4401309557?position=29&pageNum=0&refId=N1GvbAK8Mzgkx8vzD6Dbrw%3D%3D&trackingId=MTkJnay6unHtXHSFWGeEZQ%3D%3D,1 week ago,2026-04-21T12:09:52.216669
LinkedIn,Payments Engineer,Software Engineer (Fullstack),PayPal,"Austin, TX",https://www.linkedin.com/jobs/view/software-engineer-fullstack-at-paypal-4401771629?position=30&pageNum=0&refId=N1GvbAK8Mzgkx8vzD6Dbrw%3D%3D&trackingId=dn5TfMRIKWPBLa406905IA%3D%3D,6 days ago,2026-04-21T12:09:52.216669
LinkedIn,EMV Engineer,Engineer III - Transmission Engineering,Omaha Public Power District,"Omaha, NE",https://www.linkedin.com/jobs/view/engineer-iii-transmission-engineering-at-omaha-public-power-district-4342862228?position=1&pageNum=0&refId=8afr3mVoNclOkWXzyWHe0g%3D%3D&trackingId=jXajLPlxBkMZKWWpE5bAYw%3D%3D,3 days ago,2026-04-21T12:09:52.753350
LinkedIn,EMV Engineer,Load Balancing Engineer,Kforce Inc,"Roanoke, TX",https://www.linkedin.com/jobs/view/load-balancing-engineer-at-kforce-inc-4401315779?position=2&pageNum=0&refId=8afr3mVoNclOkWXzyWHe0g%3D%3D&trackingId=zXEXHqexRQzeVf%2Fq5Spdug%3D%3D,1 week ago,2026-04-21T12:09:52.753350
LinkedIn,EMV Engineer,Engineer,Holder Construction,"Phoenix, AZ",https://www.linkedin.com/jobs/view/engineer-at-holder-construction-4389764201?position=3&pageNum=0&refId=8afr3mVoNclOkWXzyWHe0g%3D%3D&trackingId=HlX%2BXs%2FEYKJV63%2Fj89iDnw%3D%3D,3 weeks ago,2026-04-21T12:09:52.753350
LinkedIn,EMV Engineer,Infotainment Engineer,Pentangle Tech Services | P5 Group,"Dearborn, MI",https://www.linkedin.com/jobs/view/infotainment-engineer-at-pentangle-tech-services-p5-group-4230571249?position=4&pageNum=0&refId=8afr3mVoNclOkWXzyWHe0g%3D%3D&trackingId=4HrqdhWEWSF5hadqDY7msQ%3D%3D,3 days ago,2026-04-21T12:09:52.753350
LinkedIn,EMV Engineer,Telematics Engineer,Pentangle Tech Services | P5 Group,"Troy, MI",https://www.linkedin.com/jobs/view/telematics-engineer-at-pentangle-tech-services-p5-group-4230563881?position=5&pageNum=0&refId=8afr3mVoNclOkWXzyWHe0g%3D%3D&trackingId=L%2FBmbATpT%2FHAjp7or6NdJA%3D%3D,2 weeks ago,2026-04-21T12:09:52.753350
LinkedIn,EMV Engineer,Adhesive Dispensing Engineer,Sika,"Madison Heights, MI",https://www.linkedin.com/jobs/view/adhesive-dispensing-engineer-at-sika-4399077011?position=6&pageNum=0&refId=8afr3mVoNclOkWXzyWHe0g%3D%3D&trackingId=ZASc9sjSuo3wnpxwbFozqA%3D%3D,1 week ago,2026-04-21T12:09:52.753350
LinkedIn,EMV Engineer,"UI Engineer L4, Ads Engineering",Netflix,"New York, NY",https://www.linkedin.com/jobs/view/ui-engineer-l4-ads-engineering-at-netflix-4309908618?position=7&pageNum=0&refId=8afr3mVoNclOkWXzyWHe0g%3D%3D&trackingId=nhmasfLyyPGk9bhHPONqPw%3D%3D,2 hours ago,2026-04-21T12:09:52.753350
LinkedIn,EMV Engineer,HSM Engineer,Mphasis,"Omaha, NE",https://www.linkedin.com/jobs/view/hsm-engineer-at-mphasis-4368001608?position=8&pageNum=0&refId=8afr3mVoNclOkWXzyWHe0g%3D%3D&trackingId=YgNGJA9N6tTkNEOJuT9FDQ%3D%3D,4 days ago,2026-04-21T12:09:52.753350
LinkedIn,EMV Engineer,Seat Launch Engineer,Larsen & Toubro,"Michigan, United States",https://www.linkedin.com/jobs/view/seat-launch-engineer-at-larsen-toubro-4401430878?position=9&pageNum=0&refId=8afr3mVoNclOkWXzyWHe0g%3D%3D&trackingId=6UbBsr1nkPUyxpGXahMrRQ%3D%3D,5 days ago,2026-04-21T12:09:52.754350
LinkedIn,EMV Engineer,Senior AOSP Engineer,Skylight,United States,https://www.linkedin.com/jobs/view/senior-aosp-engineer-at-skylight-4368859693?position=10&pageNum=0&refId=8afr3mVoNclOkWXzyWHe0g%3D%3D&trackingId=t0FpFFaF%2FwpUVI2tkO9pYQ%3D%3D,3 months ago,2026-04-21T12:09:52.754350
LinkedIn,EMV Engineer,Engineering - Quality Assurance Engineer,"PlanIT Group, LLC","Clearwater, FL",https://www.linkedin.com/jobs/view/engineering-quality-assurance-engineer-at-planit-group-llc-4308693309?position=11&pageNum=0&refId=8afr3mVoNclOkWXzyWHe0g%3D%3D&trackingId=afxz43tEysLB4%2BXhyNGdUg%3D%3D,6 months ago,2026-04-21T12:09:52.754350
LinkedIn,EMV Engineer,Feature Assurance Engineer,Global Connect Technologies,"Dearborn, MI",https://www.linkedin.com/jobs/view/feature-assurance-engineer-at-global-connect-technologies-4401309557?position=12&pageNum=0&refId=8afr3mVoNclOkWXzyWHe0g%3D%3D&trackingId=H3KoQbnkp%2B2b2GOnALNyQQ%3D%3D,1 week ago,2026-04-21T12:09:52.754350
LinkedIn,EMV Engineer,Senior Engineer,SOCOTEC,"Naples, FL",https://www.linkedin.com/jobs/view/senior-engineer-at-socotec-4231421615?position=13&pageNum=0&refId=8afr3mVoNclOkWXzyWHe0g%3D%3D&trackingId=Cr84BDofkKm6dwh7aISl7g%3D%3D,1 week ago,2026-04-21T12:09:52.754350
LinkedIn,EMV Engineer,Feature Assurance Engineer,Global Connect Technologies,"Michigan, United States",https://www.linkedin.com/jobs/view/feature-assurance-engineer-at-global-connect-technologies-4401301927?position=14&pageNum=0&refId=8afr3mVoNclOkWXzyWHe0g%3D%3D&trackingId=CtAoMeteIsQvXnayonGoLA%3D%3D,1 week ago,2026-04-21T12:09:52.754350
LinkedIn,EMV Engineer,Engineer,American Airlines,"Fort Worth, TX",https://www.linkedin.com/jobs/view/engineer-at-american-airlines-4399981800?position=15&pageNum=0&refId=8afr3mVoNclOkWXzyWHe0g%3D%3D&trackingId=KTcJXkPRC3EMWv4QCPEClw%3D%3D,5 days ago,2026-04-21T12:09:52.754350
LinkedIn,EMV Engineer,Senior Load Rating Engineer,H&H,"Boston, MA",https://www.linkedin.com/jobs/view/senior-load-rating-engineer-at-h-h-4308971883?position=16&pageNum=0&refId=8afr3mVoNclOkWXzyWHe0g%3D%3D&trackingId=FW07uBU6p22j%2BoAb5GhLUw%3D%3D,1 week ago,2026-04-21T12:09:52.754350
LinkedIn,EMV Engineer,Senior Engineer,SOCOTEC,"Amesbury, MA",https://www.linkedin.com/jobs/view/senior-engineer-at-socotec-4202026117?position=17&pageNum=0&refId=8afr3mVoNclOkWXzyWHe0g%3D%3D&trackingId=nWiXahx5dz9xlkabW3IyYg%3D%3D,1 week ago,2026-04-21T12:09:52.754350
LinkedIn,EMV Engineer,Supplier Engineer 3,DENSO,"Maryville, TN",https://www.linkedin.com/jobs/view/supplier-engineer-3-at-denso-4373713098?position=18&pageNum=0&refId=8afr3mVoNclOkWXzyWHe0g%3D%3D&trackingId=lrS7lF7gnlUN0p2d1gsqRg%3D%3D,1 month ago,2026-04-21T12:09:52.755357
LinkedIn,EMV Engineer,Engineer,Holder Construction,"Richmond, VA",https://www.linkedin.com/jobs/view/engineer-at-holder-construction-4389755627?position=19&pageNum=0&refId=8afr3mVoNclOkWXzyWHe0g%3D%3D&trackingId=SOx6rcfVt91k0GZIx0EsJA%3D%3D,1 week ago,2026-04-21T12:09:52.755357
LinkedIn,EMV Engineer,Associate Engineer,Boiler Tube Company of America (BTA),"Lyman, SC",https://www.linkedin.com/jobs/view/associate-engineer-at-boiler-tube-company-of-america-bta-4402623307?position=20&pageNum=0&refId=8afr3mVoNclOkWXzyWHe0g%3D%3D&trackingId=9GKd7Kc2EgAn%2BPOy43H%2F6w%3D%3D,5 days ago,2026-04-21T12:09:52.755357
LinkedIn,EMV Engineer,Railway Engineer,IKOS GROUP,Washington DC-Baltimore Area,https://www.linkedin.com/jobs/view/railway-engineer-at-ikos-group-4403414619?position=21&pageNum=0&refId=8afr3mVoNclOkWXzyWHe0g%3D%3D&trackingId=yjWREiDVdM3IUbSXzTvmCQ%3D%3D,4 days ago,2026-04-21T12:09:52.755357
LinkedIn,EMV Engineer,"Senior Engineer, Industrial Engineering",Sandisk,"Milpitas, CA",https://www.linkedin.com/jobs/view/senior-engineer-industrial-engineering-at-sandisk-4382322765?position=22&pageNum=0&refId=8afr3mVoNclOkWXzyWHe0g%3D%3D&trackingId=9OW46yrOmRm28AZ75ONIhQ%3D%3D,3 days ago,2026-04-21T12:09:52.755357
LinkedIn,EMV Engineer,Engineer,Holder Construction,"Indianapolis, IN",https://www.linkedin.com/jobs/view/engineer-at-holder-construction-4389746993?position=23&pageNum=0&refId=8afr3mVoNclOkWXzyWHe0g%3D%3D&trackingId=X7JMT1e8RN8YEcahy8vL9A%3D%3D,1 week ago,2026-04-21T12:09:52.755357
LinkedIn,EMV Engineer,Engineer I,Acuren,"West Boylston, MA",https://www.linkedin.com/jobs/view/engineer-i-at-acuren-4391487047?position=24&pageNum=0&refId=8afr3mVoNclOkWXzyWHe0g%3D%3D&trackingId=KU9ivxUbFFKcBhtk6Su5aA%3D%3D,3 days ago,2026-04-21T12:09:52.755357
LinkedIn,EMV Engineer,HIL Engineer,Pentangle Tech Services | P5 Group,"Auburn Hills, MI",https://www.linkedin.com/jobs/view/hil-engineer-at-pentangle-tech-services-p5-group-4402132935?position=25&pageNum=0&refId=8afr3mVoNclOkWXzyWHe0g%3D%3D&trackingId=tkeXvMcSeKTD4aS%2Bmgr74A%3D%3D,4 days ago,2026-04-21T12:09:52.755357
LinkedIn,EMV Engineer,"Chassis Engineer, Suspension",Harbinger,"Garden Grove, CA",https://www.linkedin.com/jobs/view/chassis-engineer-suspension-at-harbinger-4398313241?position=26&pageNum=0&refId=8afr3mVoNclOkWXzyWHe0g%3D%3D&trackingId=zPY9%2FgtWOaXjJHoVJhSCPw%3D%3D,2 weeks ago,2026-04-21T12:09:52.755357
LinkedIn,EMV Engineer,CQV Engineer III,CRB,"Raleigh, NC",https://www.linkedin.com/jobs/view/cqv-engineer-iii-at-crb-4385377886?position=27&pageNum=0&refId=8afr3mVoNclOkWXzyWHe0g%3D%3D&trackingId=IosvJ08gW%2BZqv6csbNhzPA%3D%3D,2 weeks ago,2026-04-21T12:09:52.756352
LinkedIn,EMV Engineer,Entry Level Engineer - Designer I,Phillips Tank & Structure,"Kailua, HI",https://www.linkedin.com/jobs/view/entry-level-engineer-designer-i-at-phillips-tank-structure-4398270846?position=28&pageNum=0&refId=8afr3mVoNclOkWXzyWHe0g%3D%3D&trackingId=qAgqmcu1SS0ymVq5zWI0nA%3D%3D,2 weeks ago,2026-04-21T12:09:52.756352
LinkedIn,EMV Engineer,Payments Engineer,Mercor,"San Francisco, CA",https://www.linkedin.com/jobs/view/payments-engineer-at-mercor-4390690834?position=29&pageNum=0&refId=8afr3mVoNclOkWXzyWHe0g%3D%3D&trackingId=Z5B%2BjIcOLjChJLBWqOehyg%3D%3D,5 days ago,2026-04-21T12:09:52.756352
LinkedIn,EMV Engineer,Senior Engineer V,Veracity Software Inc,"Pomona, CA",https://www.linkedin.com/jobs/view/senior-engineer-v-at-veracity-software-inc-4348306724?position=30&pageNum=0&refId=8afr3mVoNclOkWXzyWHe0g%3D%3D&trackingId=vtwRZRrwyXIV4DzUndmkyw%3D%3D,4 months ago,2026-04-21T12:09:52.756352
LinkedIn,Engineering Manager,Senior Director - Engineering,Freshworks,"San Mateo, CA",https://www.linkedin.com/jobs/view/senior-director-engineering-at-freshworks-4403476388?position=1&pageNum=0&refId=6BtGpcawzvsNmqDRNH4mDQ%3D%3D&trackingId=Ax3XC8Mx7EomL5zt9M%2BASQ%3D%3D,3 days ago,2026-04-21T12:09:53.793135
LinkedIn,Engineering Manager,"Engineering Manager, Ad Serving",Roku,"New York, NY",https://www.linkedin.com/jobs/view/engineering-manager-ad-serving-at-roku-4403494646?position=2&pageNum=0&refId=6BtGpcawzvsNmqDRNH4mDQ%3D%3D&trackingId=zIWRZXNepz%2Fl8PlWgec9BQ%3D%3D,3 days ago,2026-04-21T12:09:53.794130
LinkedIn,Engineering Manager,Director of Engineering,The Sterling Choice,"Chicago, IL",https://www.linkedin.com/jobs/view/director-of-engineering-at-the-sterling-choice-4400393674?position=3&pageNum=0&refId=6BtGpcawzvsNmqDRNH4mDQ%3D%3D&trackingId=zVFNl6knlgkr2QlJk27h7g%3D%3D,1 week ago,2026-04-21T12:09:53.794130
LinkedIn,Engineering Manager,Director of Mechanical Engineering,Fruition Group,"California, United States",https://www.linkedin.com/jobs/view/director-of-mechanical-engineering-at-fruition-group-4401738339?position=4&pageNum=0&refId=6BtGpcawzvsNmqDRNH4mDQ%3D%3D&trackingId=f%2Fdjl2AASzzeULUyVuxbUA%3D%3D,1 week ago,2026-04-21T12:09:53.794130
LinkedIn,Engineering Manager,Sr. Director of Manufacturing Engineering,Atomic Machines,"Emeryville, CA",https://www.linkedin.com/jobs/view/sr-director-of-manufacturing-engineering-at-atomic-machines-4400444528?position=5&pageNum=0&refId=6BtGpcawzvsNmqDRNH4mDQ%3D%3D&trackingId=bJhXdDSA6cl8a%2FaDbETY0Q%3D%3D,4 days ago,2026-04-21T12:09:53.794130
LinkedIn,Engineering Manager,Director of Manufacturing Engineering,Peskind Executive Search,"Richardson, TX",https://www.linkedin.com/jobs/view/director-of-manufacturing-engineering-at-peskind-executive-search-4400470707?position=6&pageNum=0&refId=6BtGpcawzvsNmqDRNH4mDQ%3D%3D&trackingId=%2BOL2a6SzZqItqM8VQIYKlw%3D%3D,4 days ago,2026-04-21T12:09:53.794130
LinkedIn,Engineering Manager,Director of Engineering,Buyers Products Company,"Mentor, OH",https://www.linkedin.com/jobs/view/director-of-engineering-at-buyers-products-company-4401394409?position=7&pageNum=0&refId=6BtGpcawzvsNmqDRNH4mDQ%3D%3D&trackingId=Pd3SSmKxGzwkNuZu6yfTbw%3D%3D,1 week ago,2026-04-21T12:09:53.794130
LinkedIn,Engineering Manager,Plant Engineering Manager,Sika USA,"Sealy, TX",https://www.linkedin.com/jobs/view/plant-engineering-manager-at-sika-usa-4401803287?position=8&pageNum=0&refId=6BtGpcawzvsNmqDRNH4mDQ%3D%3D&trackingId=70xrWy0Vmxvzg8jSsfGVmg%3D%3D,5 days ago,2026-04-21T12:09:53.794130
LinkedIn,Engineering Manager,"Engineering Manager, Track Anything",Asana,"New York, NY",https://www.linkedin.com/jobs/view/engineering-manager-track-anything-at-asana-4353950003?position=9&pageNum=0&refId=6BtGpcawzvsNmqDRNH4mDQ%3D%3D&trackingId=FxP5X8gDBAZszL51FLGITQ%3D%3D,5 days ago,2026-04-21T12:09:53.794130
LinkedIn,Engineering Manager,Director of Engineering (Automation & Advanced Manufacturing),Sterling Engineering,"Buffalo Grove, IL",https://www.linkedin.com/jobs/view/director-of-engineering-automation-advanced-manufacturing-at-sterling-engineering-4402965799?position=10&pageNum=0&refId=6BtGpcawzvsNmqDRNH4mDQ%3D%3D&trackingId=ZWgsHTYZNigOJrEtPAT46Q%3D%3D,4 days ago,2026-04-21T12:09:53.795135
LinkedIn,Engineering Manager,"Director, Mechanical Engineering",Echo Power,United States,https://www.linkedin.com/jobs/view/director-mechanical-engineering-at-echo-power-4401563086?position=11&pageNum=0&refId=6BtGpcawzvsNmqDRNH4mDQ%3D%3D&trackingId=nGrJ%2FgAiqepq55AUETe7lw%3D%3D,1 week ago,2026-04-21T12:09:53.795135
LinkedIn,Engineering Manager,Director of Engineering,BiomeSense,"Chicago, IL",https://www.linkedin.com/jobs/view/director-of-engineering-at-biomesense-4401660248?position=12&pageNum=0&refId=6BtGpcawzvsNmqDRNH4mDQ%3D%3D&trackingId=4mjuES90W4S6F88rawirzA%3D%3D,17 hours ago,2026-04-21T12:09:53.795135
LinkedIn,Engineering Manager,Manufacturing Engineering Manager,Umbra,"Santa Barbara, CA",https://www.linkedin.com/jobs/view/manufacturing-engineering-manager-at-umbra-4402670098?position=13&pageNum=0&refId=6BtGpcawzvsNmqDRNH4mDQ%3D%3D&trackingId=MO%2Bm6xvWxSYrK5quI15Phg%3D%3D,5 days ago,2026-04-21T12:09:53.795135
LinkedIn,Engineering Manager,Director of Manufacturing Engineering,FPC of Brighton,"Columbus, MS",https://www.linkedin.com/jobs/view/director-of-manufacturing-engineering-at-fpc-of-brighton-4401504129?position=14&pageNum=0&refId=6BtGpcawzvsNmqDRNH4mDQ%3D%3D&trackingId=Icc6TW9sLBURTL91ZUDVjQ%3D%3D,1 week ago,2026-04-21T12:09:53.795135
LinkedIn,Engineering Manager,Director of Engineering,Bradford Allen,Greater Chicago Area,https://www.linkedin.com/jobs/view/director-of-engineering-at-bradford-allen-4403664680?position=15&pageNum=0&refId=6BtGpcawzvsNmqDRNH4mDQ%3D%3D&trackingId=U%2F%2BPICIjC31zqjVGd2psSg%3D%3D,13 hours ago,2026-04-21T12:09:53.795135
LinkedIn,Engineering Manager,"Engineering Manager, Reference Anything",Asana,"New York, NY",https://www.linkedin.com/jobs/view/engineering-manager-reference-anything-at-asana-4353990000?position=16&pageNum=0&refId=6BtGpcawzvsNmqDRNH4mDQ%3D%3D&trackingId=48WijjqR9oru3P3B0ucReA%3D%3D,3 days ago,2026-04-21T12:09:53.795135
LinkedIn,Engineering Manager,Plant Engineering Manager,The Clorox Company,"Forest Park, GA",https://www.linkedin.com/jobs/view/plant-engineering-manager-at-the-clorox-company-4400013902?position=17&pageNum=0&refId=6BtGpcawzvsNmqDRNH4mDQ%3D%3D&trackingId=QNLG2IWhJ48bGTzD00RELA%3D%3D,1 week ago,2026-04-21T12:09:53.795135
LinkedIn,Engineering Manager,Director of Engineering,BioTalent,"Philadelphia, PA",https://www.linkedin.com/jobs/view/director-of-engineering-at-biotalent-4401779387?position=18&pageNum=0&refId=6BtGpcawzvsNmqDRNH4mDQ%3D%3D&trackingId=AFDWTD7TXisQLl3ETdAGFQ%3D%3D,6 days ago,2026-04-21T12:09:53.796134
LinkedIn,Engineering Manager,Director of Engineering,Sterling Engineering,"Arlington Heights, IL",https://www.linkedin.com/jobs/view/director-of-engineering-at-sterling-engineering-4404317621?position=19&pageNum=0&refId=6BtGpcawzvsNmqDRNH4mDQ%3D%3D&trackingId=aHh9RPV17Gx%2BfhQir2ln4g%3D%3D,19 hours ago,2026-04-21T12:09:53.796134
LinkedIn,Engineering Manager,Director of Engineering,Proactive Search,"Maryland, United States",https://www.linkedin.com/jobs/view/director-of-engineering-at-proactive-search-4402514590?position=20&pageNum=0&refId=6BtGpcawzvsNmqDRNH4mDQ%3D%3D&trackingId=0S71jHaTs%2Bue5o6HNMJcsA%3D%3D,5 days ago,2026-04-21T12:09:53.796134
LinkedIn,Engineering Manager,Director of Manufacturing Engineering,Valley Mountain Staffing,"Lincoln, NE",https://www.linkedin.com/jobs/view/director-of-manufacturing-engineering-at-valley-mountain-staffing-4401808323?position=21&pageNum=0&refId=6BtGpcawzvsNmqDRNH4mDQ%3D%3D&trackingId=aqkPYrNBrLubpY40U%2B%2B9ew%3D%3D,5 days ago,2026-04-21T12:09:53.796134
LinkedIn,Engineering Manager,Plant Engineering Manager,The Richmond Group USA,Greater Chicago Area,https://www.linkedin.com/jobs/view/plant-engineering-manager-at-the-richmond-group-usa-4400584160?position=22&pageNum=0&refId=6BtGpcawzvsNmqDRNH4mDQ%3D%3D&trackingId=s2UUgTmyiKVLyiGSr5inHg%3D%3D,1 week ago,2026-04-21T12:09:53.796134
LinkedIn,Engineering Manager,Manufacturing Engineering Manager,Lumicity,Greater Boston,https://www.linkedin.com/jobs/view/manufacturing-engineering-manager-at-lumicity-4402198117?position=23&pageNum=0&refId=6BtGpcawzvsNmqDRNH4mDQ%3D%3D&trackingId=pa1Nz440IxActiSkuSmNcQ%3D%3D,4 days ago,2026-04-21T12:09:53.796134
LinkedIn,Engineering Manager,Engineering Manager,Wealthfront,"Palo Alto, CA",https://www.linkedin.com/jobs/view/engineering-manager-at-wealthfront-4292420863?position=24&pageNum=0&refId=6BtGpcawzvsNmqDRNH4mDQ%3D%3D&trackingId=MapH7cZwrq3MZV3wMp%2FGfw%3D%3D,1 day ago,2026-04-21T12:09:53.796134
LinkedIn,Engineering Manager,Director of Mechanical Engineering,Pop-Up Talent,"San Francisco, CA",https://www.linkedin.com/jobs/view/director-of-mechanical-engineering-at-pop-up-talent-4401111801?position=25&pageNum=0&refId=6BtGpcawzvsNmqDRNH4mDQ%3D%3D&trackingId=UY62O%2FUGtCYsJlcgV1jBAA%3D%3D,6 days ago,2026-04-21T12:09:53.796134
LinkedIn,Engineering Manager,Director of Engineering,TYG,"Milwaukee, WI",https://www.linkedin.com/jobs/view/director-of-engineering-at-tyg-4401089935?position=26&pageNum=0&refId=6BtGpcawzvsNmqDRNH4mDQ%3D%3D&trackingId=EOCj7S0loL4g1c08ev0jkQ%3D%3D,1 week ago,2026-04-21T12:09:53.796134
LinkedIn,Engineering Manager,Director of Engineering,ZetrOZ Systems,"Trumbull, CT",https://www.linkedin.com/jobs/view/director-of-engineering-at-zetroz-systems-4403819933?position=27&pageNum=0&refId=6BtGpcawzvsNmqDRNH4mDQ%3D%3D&trackingId=%2BoIGK0LgR9ZLaPKqPlxogA%3D%3D,2 days ago,2026-04-21T12:09:53.797131
LinkedIn,Engineering Manager,Director of Engineering,SoloPoint Solutions,"Tustin, CA",https://www.linkedin.com/jobs/view/director-of-engineering-at-solopoint-solutions-4402664243?position=28&pageNum=0&refId=6BtGpcawzvsNmqDRNH4mDQ%3D%3D&trackingId=BczPWImQzRMT7MfeU%2BDPnw%3D%3D,5 days ago,2026-04-21T12:09:53.797131
LinkedIn,Engineering Manager,Director of Engineering,MeeruAI,"Pleasanton, CA",https://www.linkedin.com/jobs/view/director-of-engineering-at-meeruai-4402514780?position=29&pageNum=0&refId=6BtGpcawzvsNmqDRNH4mDQ%3D%3D&trackingId=QvD%2FwtHTAaRKlKnydqY8yw%3D%3D,5 days ago,2026-04-21T12:09:53.797131
LinkedIn,Engineering Manager,Engineering Manager,BrightEdge,United States,https://www.linkedin.com/jobs/view/engineering-manager-at-brightedge-4190267279?position=30&pageNum=0&refId=6BtGpcawzvsNmqDRNH4mDQ%3D%3D&trackingId=qTubVKnaToMl2xHN5T%2FICw%3D%3D,2 weeks ago,2026-04-21T12:09:53.797131
Monster,TPM,Resume Resources,,,https://www.monster.com/jobs/search?q=TPM/./search?q=TPM&where=&page=2,,2026-04-21T12:09:54.953938
Monster,Technical Program Manager,Resume Resources,,,https://www.monster.com/jobs/search?q=Technical+Program+Manager/./search?q=Technical+Program+Manager&where=&page=2,,2026-04-21T12:09:54.894359
Monster,AI Engineer,Resume Resources,,,https://www.monster.com/jobs/search?q=AI+Engineer/./search?q=AI+Engineer&where=&page=2,,2026-04-21T12:09:55.075321
Monster,Payments Engineer,Resume Resources,,,https://www.monster.com/jobs/search?q=Payments+Engineer/./search?q=Payments+Engineer&where=&page=2,,2026-04-21T12:09:55.014102
Monster,EMV Engineer,Resume Resources,,,https://www.monster.com/jobs/search?q=EMV+Engineer/./search?q=EMV+Engineer&where=&page=2,,2026-04-21T12:09:55.360784
Monster,Engineering Manager,Resume Resources,,,https://www.monster.com/jobs/search?q=Engineering+Manager/./search?q=Engineering+Manager&where=&page=2,,2026-04-21T12:09:55.888209
Hackerrank Jobs,TPM,"""Great Career Opportunity in Adeeba .""Inbound Tech Support",,India,,,2026-04-21T12:11:21.678907
Hackerrank Jobs,TPM,"""Great Career Opportunity in Adeeba .""Inbound Tech Support",,India,,,2026-04-21T12:11:21.678907
Hackerrank Jobs,TPM,"""Urgent Opening "" 360 Hiring Entry Level, Mid Level and Sr. Level / QA Automation Testers, Business Analyst, Business Systems Analyst and Data Analyst FOR ALL OVER THE USA",,United States,,,2026-04-21T12:11:21.678907
Hackerrank Jobs,TPM,"""Urgent Opening "" 360 Hiring Entry Level, Mid Level and Sr. Level / QA Automation Testers, Business Analyst, Business Systems Analyst and Data Analyst FOR ALL OVER THE USA",,United States,,,2026-04-21T12:11:21.679907
Hackerrank Jobs,TPM,#1725 ASP .Net Developer,,United States,,,2026-04-21T12:11:21.679907
Hackerrank Jobs,TPM,#1725 ASP .Net Developer,,United States,,,2026-04-21T12:11:21.680908
Hackerrank Jobs,TPM,#1753 Software Developer Analyst (.Net),,United States,,,2026-04-21T12:11:21.680908
Hackerrank Jobs,TPM,#1753 Software Developer Analyst (.Net),,United States,,,2026-04-21T12:11:21.680908
Hackerrank Jobs,TPM,#1758 Business Intelligence Analyst,,United States,,,2026-04-21T12:11:21.681908
Hackerrank Jobs,TPM,#1758 Business Intelligence Analyst,,United States,,,2026-04-21T12:11:21.681908
Hackerrank Jobs,TPM,#1763 (MID Level) .Net Developer,,United States,,,2026-04-21T12:11:21.682906
Hackerrank Jobs,TPM,#1763 (MID Level) .Net Developer,,United States,,,2026-04-21T12:11:21.682906
Hackerrank Jobs,TPM,#1772 Programmer/Developer (Java),,United States,,,2026-04-21T12:11:21.682906
Hackerrank Jobs,TPM,#1772 Programmer/Developer (Java),,United States,,,2026-04-21T12:11:21.683908
Hackerrank Jobs,TPM,#1774 Network Engineer,,United States,,,2026-04-21T12:11:21.683908
Hackerrank Jobs,TPM,#1774 Network Engineer,,United States,,,2026-04-21T12:11:21.684908
Hackerrank Jobs,TPM,#1819 Application Developer,,United States,,,2026-04-21T12:11:21.684908
Hackerrank Jobs,TPM,#1819 Application Developer,,United States,,,2026-04-21T12:11:21.684908
Hackerrank Jobs,TPM,#1820 Java Software Developer,,United States,,,2026-04-21T12:11:21.685907
Hackerrank Jobs,TPM,#1820 Java Software Developer,,United States,,,2026-04-21T12:11:21.685907
Hackerrank Jobs,TPM,#1872 Senior Big Data Solutions Architect,,United States,,,2026-04-21T12:11:21.686907
Hackerrank Jobs,TPM,#1872 Senior Big Data Solutions Architect,,United States,,,2026-04-21T12:11:21.686907
Hackerrank Jobs,TPM,#1872 Senior Big Data Solutions Architect,,United States,,,2026-04-21T12:11:21.687415
Hackerrank Jobs,TPM,#1872 Senior Big Data Solutions Architect,,United States,,,2026-04-21T12:11:21.687415
Hackerrank Jobs,TPM,#1873 Sharepoint Developer,,United States,,,2026-04-21T12:11:21.688423
Hackerrank Jobs,TPM,#1873 Sharepoint Developer,,United States,,,2026-04-21T12:11:21.688423
Hackerrank Jobs,TPM,#1873 Sharepoint Developer,,United States,,,2026-04-21T12:11:21.688423
Hackerrank Jobs,TPM,#1873 Sharepoint Developer,,United States,,,2026-04-21T12:11:21.689424
Hackerrank Jobs,TPM,#1885 Data Scientist - Big Data,,United States,,,2026-04-21T12:11:21.689424
Hackerrank Jobs,TPM,#1885 Data Scientist - Big Data,,United States,,,2026-04-21T12:11:21.690422
Hackerrank Jobs,Technical Program Manager,"""Great Career Opportunity in Adeeba .""Inbound Tech Support",,India,,,2026-04-21T12:11:21.453507
Hackerrank Jobs,Technical Program Manager,"""Great Career Opportunity in Adeeba .""Inbound Tech Support",,India,,,2026-04-21T12:11:21.453507
Hackerrank Jobs,Technical Program Manager,"""Urgent Opening "" 360 Hiring Entry Level, Mid Level and Sr. Level / QA Automation Testers, Business Analyst, Business Systems Analyst and Data Analyst FOR ALL OVER THE USA",,United States,,,2026-04-21T12:11:21.453507
Hackerrank Jobs,Technical Program Manager,"""Urgent Opening "" 360 Hiring Entry Level, Mid Level and Sr. Level / QA Automation Testers, Business Analyst, Business Systems Analyst and Data Analyst FOR ALL OVER THE USA",,United States,,,2026-04-21T12:11:21.454507
Hackerrank Jobs,Technical Program Manager,#1725 ASP .Net Developer,,United States,,,2026-04-21T12:11:21.454507
Hackerrank Jobs,Technical Program Manager,#1725 ASP .Net Developer,,United States,,,2026-04-21T12:11:21.455519
Hackerrank Jobs,Technical Program Manager,#1753 Software Developer Analyst (.Net),,United States,,,2026-04-21T12:11:21.455519
Hackerrank Jobs,Technical Program Manager,#1753 Software Developer Analyst (.Net),,United States,,,2026-04-21T12:11:21.455519
Hackerrank Jobs,Technical Program Manager,#1758 Business Intelligence Analyst,,United States,,,2026-04-21T12:11:21.455519
Hackerrank Jobs,Technical Program Manager,#1758 Business Intelligence Analyst,,United States,,,2026-04-21T12:11:21.457031
Hackerrank Jobs,Technical Program Manager,#1763 (MID Level) .Net Developer,,United States,,,2026-04-21T12:11:21.457149
Hackerrank Jobs,Technical Program Manager,#1763 (MID Level) .Net Developer,,United States,,,2026-04-21T12:11:21.457149
Hackerrank Jobs,Technical Program Manager,#1772 Programmer/Developer (Java),,United States,,,2026-04-21T12:11:21.458372
Hackerrank Jobs,Technical Program Manager,#1772 Programmer/Developer (Java),,United States,,,2026-04-21T12:11:21.458372
Hackerrank Jobs,Technical Program Manager,#1774 Network Engineer,,United States,,,2026-04-21T12:11:21.459381
Hackerrank Jobs,Technical Program Manager,#1774 Network Engineer,,United States,,,2026-04-21T12:11:21.459381
Hackerrank Jobs,Technical Program Manager,#1819 Application Developer,,United States,,,2026-04-21T12:11:21.459381
Hackerrank Jobs,Technical Program Manager,#1819 Application Developer,,United States,,,2026-04-21T12:11:21.460381
Hackerrank Jobs,Technical Program Manager,#1820 Java Software Developer,,United States,,,2026-04-21T12:11:21.460381
Hackerrank Jobs,Technical Program Manager,#1820 Java Software Developer,,United States,,,2026-04-21T12:11:21.460381
Hackerrank Jobs,Technical Program Manager,#1872 Senior Big Data Solutions Architect,,United States,,,2026-04-21T12:11:21.461380
Hackerrank Jobs,Technical Program Manager,#1872 Senior Big Data Solutions Architect,,United States,,,2026-04-21T12:11:21.461380
Hackerrank Jobs,Technical Program Manager,#1872 Senior Big Data Solutions Architect,,United States,,,2026-04-21T12:11:21.462377
Hackerrank Jobs,Technical Program Manager,#1872 Senior Big Data Solutions Architect,,United States,,,2026-04-21T12:11:21.462377
Hackerrank Jobs,Technical Program Manager,#1873 Sharepoint Developer,,United States,,,2026-04-21T12:11:21.462377
Hackerrank Jobs,Technical Program Manager,#1873 Sharepoint Developer,,United States,,,2026-04-21T12:11:21.463382
Hackerrank Jobs,Technical Program Manager,#1873 Sharepoint Developer,,United States,,,2026-04-21T12:11:21.463382
Hackerrank Jobs,Technical Program Manager,#1873 Sharepoint Developer,,United States,,,2026-04-21T12:11:21.464381
Hackerrank Jobs,Technical Program Manager,#1885 Data Scientist - Big Data,,United States,,,2026-04-21T12:11:21.464381
Hackerrank Jobs,Technical Program Manager,#1885 Data Scientist - Big Data,,United States,,,2026-04-21T12:11:21.464381
Hackerrank Jobs,AI Engineer,"""Great Career Opportunity in Adeeba .""Inbound Tech Support",,India,,,2026-04-21T12:11:21.581351
Hackerrank Jobs,AI Engineer,"""Great Career Opportunity in Adeeba .""Inbound Tech Support",,India,,,2026-04-21T12:11:21.582347
Hackerrank Jobs,AI Engineer,"""Urgent Opening "" 360 Hiring Entry Level, Mid Level and Sr. Level / QA Automation Testers, Business Analyst, Business Systems Analyst and Data Analyst FOR ALL OVER THE USA",,United States,,,2026-04-21T12:11:21.582347
Hackerrank Jobs,AI Engineer,"""Urgent Opening "" 360 Hiring Entry Level, Mid Level and Sr. Level / QA Automation Testers, Business Analyst, Business Systems Analyst and Data Analyst FOR ALL OVER THE USA",,United States,,,2026-04-21T12:11:21.582347
Hackerrank Jobs,AI Engineer,#1725 ASP .Net Developer,,United States,,,2026-04-21T12:11:21.583351
Hackerrank Jobs,AI Engineer,#1725 ASP .Net Developer,,United States,,,2026-04-21T12:11:21.583351
Hackerrank Jobs,AI Engineer,#1753 Software Developer Analyst (.Net),,United States,,,2026-04-21T12:11:21.584352
Hackerrank Jobs,AI Engineer,#1753 Software Developer Analyst (.Net),,United States,,,2026-04-21T12:11:21.584352
Hackerrank Jobs,AI Engineer,#1758 Business Intelligence Analyst,,United States,,,2026-04-21T12:11:21.585350
Hackerrank Jobs,AI Engineer,#1758 Business Intelligence Analyst,,United States,,,2026-04-21T12:11:21.585350
Hackerrank Jobs,AI Engineer,#1763 (MID Level) .Net Developer,,United States,,,2026-04-21T12:11:21.585350
Hackerrank Jobs,AI Engineer,#1763 (MID Level) .Net Developer,,United States,,,2026-04-21T12:11:21.585350
Hackerrank Jobs,AI Engineer,#1772 Programmer/Developer (Java),,United States,,,2026-04-21T12:11:21.586857
Hackerrank Jobs,AI Engineer,#1772 Programmer/Developer (Java),,United States,,,2026-04-21T12:11:21.586857
Hackerrank Jobs,AI Engineer,#1774 Network Engineer,,United States,,,2026-04-21T12:11:21.587862
Hackerrank Jobs,AI Engineer,#1774 Network Engineer,,United States,,,2026-04-21T12:11:21.587862
Hackerrank Jobs,AI Engineer,#1819 Application Developer,,United States,,,2026-04-21T12:11:21.587862
Hackerrank Jobs,AI Engineer,#1819 Application Developer,,United States,,,2026-04-21T12:11:21.588866
Hackerrank Jobs,AI Engineer,#1820 Java Software Developer,,United States,,,2026-04-21T12:11:21.588866
Hackerrank Jobs,AI Engineer,#1820 Java Software Developer,,United States,,,2026-04-21T12:11:21.589866
Hackerrank Jobs,AI Engineer,#1872 Senior Big Data Solutions Architect,,United States,,,2026-04-21T12:11:21.590863
Hackerrank Jobs,AI Engineer,#1872 Senior Big Data Solutions Architect,,United States,,,2026-04-21T12:11:21.590863
Hackerrank Jobs,AI Engineer,#1872 Senior Big Data Solutions Architect,,United States,,,2026-04-21T12:11:21.591862
Hackerrank Jobs,AI Engineer,#1872 Senior Big Data Solutions Architect,,United States,,,2026-04-21T12:11:21.592369
Hackerrank Jobs,AI Engineer,#1873 Sharepoint Developer,,United States,,,2026-04-21T12:11:21.592369
Hackerrank Jobs,AI Engineer,#1873 Sharepoint Developer,,United States,,,2026-04-21T12:11:21.592369
Hackerrank Jobs,AI Engineer,#1873 Sharepoint Developer,,United States,,,2026-04-21T12:11:21.593378
Hackerrank Jobs,AI Engineer,#1873 Sharepoint Developer,,United States,,,2026-04-21T12:11:21.593378
Hackerrank Jobs,AI Engineer,#1885 Data Scientist - Big Data,,United States,,,2026-04-21T12:11:21.594377
Hackerrank Jobs,AI Engineer,#1885 Data Scientist - Big Data,,United States,,,2026-04-21T12:11:21.594377
Hackerrank Jobs,Payments Engineer,"""Great Career Opportunity in Adeeba .""Inbound Tech Support",,India,,,2026-04-21T12:11:21.871530
Hackerrank Jobs,Payments Engineer,"""Great Career Opportunity in Adeeba .""Inbound Tech Support",,India,,,2026-04-21T12:11:21.871530
Hackerrank Jobs,Payments Engineer,"""Urgent Opening "" 360 Hiring Entry Level, Mid Level and Sr. Level / QA Automation Testers, Business Analyst, Business Systems Analyst and Data Analyst FOR ALL OVER THE USA",,United States,,,2026-04-21T12:11:21.872533
Hackerrank Jobs,Payments Engineer,"""Urgent Opening "" 360 Hiring Entry Level, Mid Level and Sr. Level / QA Automation Testers, Business Analyst, Business Systems Analyst and Data Analyst FOR ALL OVER THE USA",,United States,,,2026-04-21T12:11:21.872533
Hackerrank Jobs,Payments Engineer,#1725 ASP .Net Developer,,United States,,,2026-04-21T12:11:21.873533
Hackerrank Jobs,Payments Engineer,#1725 ASP .Net Developer,,United States,,,2026-04-21T12:11:21.873533
Hackerrank Jobs,Payments Engineer,#1753 Software Developer Analyst (.Net),,United States,,,2026-04-21T12:11:21.873533
Hackerrank Jobs,Payments Engineer,#1753 Software Developer Analyst (.Net),,United States,,,2026-04-21T12:11:21.874532
Hackerrank Jobs,Payments Engineer,#1758 Business Intelligence Analyst,,United States,,,2026-04-21T12:11:21.874532
Hackerrank Jobs,Payments Engineer,#1758 Business Intelligence Analyst,,United States,,,2026-04-21T12:11:21.874532
Hackerrank Jobs,Payments Engineer,#1763 (MID Level) .Net Developer,,United States,,,2026-04-21T12:11:21.875531
Hackerrank Jobs,Payments Engineer,#1763 (MID Level) .Net Developer,,United States,,,2026-04-21T12:11:21.875531
Hackerrank Jobs,Payments Engineer,#1772 Programmer/Developer (Java),,United States,,,2026-04-21T12:11:21.875531
Hackerrank Jobs,Payments Engineer,#1772 Programmer/Developer (Java),,United States,,,2026-04-21T12:11:21.875531
Hackerrank Jobs,Payments Engineer,#1774 Network Engineer,,United States,,,2026-04-21T12:11:21.877039
Hackerrank Jobs,Payments Engineer,#1774 Network Engineer,,United States,,,2026-04-21T12:11:21.877039
Hackerrank Jobs,Payments Engineer,#1819 Application Developer,,United States,,,2026-04-21T12:11:21.878047
Hackerrank Jobs,Payments Engineer,#1819 Application Developer,,United States,,,2026-04-21T12:11:21.878047
Hackerrank Jobs,Payments Engineer,#1820 Java Software Developer,,United States,,,2026-04-21T12:11:21.878047
Hackerrank Jobs,Payments Engineer,#1820 Java Software Developer,,United States,,,2026-04-21T12:11:21.879047
Hackerrank Jobs,Payments Engineer,#1872 Senior Big Data Solutions Architect,,United States,,,2026-04-21T12:11:21.879047
Hackerrank Jobs,Payments Engineer,#1872 Senior Big Data Solutions Architect,,United States,,,2026-04-21T12:11:21.879047
Hackerrank Jobs,Payments Engineer,#1872 Senior Big Data Solutions Architect,,United States,,,2026-04-21T12:11:21.880048
Hackerrank Jobs,Payments Engineer,#1872 Senior Big Data Solutions Architect,,United States,,,2026-04-21T12:11:21.880048
Hackerrank Jobs,Payments Engineer,#1873 Sharepoint Developer,,United States,,,2026-04-21T12:11:21.881047
Hackerrank Jobs,Payments Engineer,#1873 Sharepoint Developer,,United States,,,2026-04-21T12:11:21.882049
Hackerrank Jobs,Payments Engineer,#1873 Sharepoint Developer,,United States,,,2026-04-21T12:11:21.882049
Hackerrank Jobs,Payments Engineer,#1873 Sharepoint Developer,,United States,,,2026-04-21T12:11:21.883048
Hackerrank Jobs,Payments Engineer,#1885 Data Scientist - Big Data,,United States,,,2026-04-21T12:11:21.883048
Hackerrank Jobs,Payments Engineer,#1885 Data Scientist - Big Data,,United States,,,2026-04-21T12:11:21.884048
Hackerrank Jobs,EMV Engineer,"""Great Career Opportunity in Adeeba .""Inbound Tech Support",,India,,,2026-04-21T12:11:22.087672
Hackerrank Jobs,EMV Engineer,"""Great Career Opportunity in Adeeba .""Inbound Tech Support",,India,,,2026-04-21T12:11:22.087672
Hackerrank Jobs,EMV Engineer,"""Urgent Opening "" 360 Hiring Entry Level, Mid Level and Sr. Level / QA Automation Testers, Business Analyst, Business Systems Analyst and Data Analyst FOR ALL OVER THE USA",,United States,,,2026-04-21T12:11:22.088676
Hackerrank Jobs,EMV Engineer,"""Urgent Opening "" 360 Hiring Entry Level, Mid Level and Sr. Level / QA Automation Testers, Business Analyst, Business Systems Analyst and Data Analyst FOR ALL OVER THE USA",,United States,,,2026-04-21T12:11:22.088676
Hackerrank Jobs,EMV Engineer,#1725 ASP .Net Developer,,United States,,,2026-04-21T12:11:22.088676
Hackerrank Jobs,EMV Engineer,#1725 ASP .Net Developer,,United States,,,2026-04-21T12:11:22.089675
Hackerrank Jobs,EMV Engineer,#1753 Software Developer Analyst (.Net),,United States,,,2026-04-21T12:11:22.089675
Hackerrank Jobs,EMV Engineer,#1753 Software Developer Analyst (.Net),,United States,,,2026-04-21T12:11:22.090673
Hackerrank Jobs,EMV Engineer,#1758 Business Intelligence Analyst,,United States,,,2026-04-21T12:11:22.090673
Hackerrank Jobs,EMV Engineer,#1758 Business Intelligence Analyst,,United States,,,2026-04-21T12:11:22.090673
Hackerrank Jobs,EMV Engineer,#1763 (MID Level) .Net Developer,,United States,,,2026-04-21T12:11:22.091673
Hackerrank Jobs,EMV Engineer,#1763 (MID Level) .Net Developer,,United States,,,2026-04-21T12:11:22.091673
Hackerrank Jobs,EMV Engineer,#1772 Programmer/Developer (Java),,United States,,,2026-04-21T12:11:22.092671
Hackerrank Jobs,EMV Engineer,#1772 Programmer/Developer (Java),,United States,,,2026-04-21T12:11:22.092671
Hackerrank Jobs,EMV Engineer,#1774 Network Engineer,,United States,,,2026-04-21T12:11:22.092671
Hackerrank Jobs,EMV Engineer,#1774 Network Engineer,,United States,,,2026-04-21T12:11:22.093672
Hackerrank Jobs,EMV Engineer,#1819 Application Developer,,United States,,,2026-04-21T12:11:22.093672
Hackerrank Jobs,EMV Engineer,#1819 Application Developer,,United States,,,2026-04-21T12:11:22.093672
Hackerrank Jobs,EMV Engineer,#1820 Java Software Developer,,United States,,,2026-04-21T12:11:22.094671
Hackerrank Jobs,EMV Engineer,#1820 Java Software Developer,,United States,,,2026-04-21T12:11:22.094671
Hackerrank Jobs,EMV Engineer,#1872 Senior Big Data Solutions Architect,,United States,,,2026-04-21T12:11:22.095673
Hackerrank Jobs,EMV Engineer,#1872 Senior Big Data Solutions Architect,,United States,,,2026-04-21T12:11:22.095673
Hackerrank Jobs,EMV Engineer,#1872 Senior Big Data Solutions Architect,,United States,,,2026-04-21T12:11:22.096673
Hackerrank Jobs,EMV Engineer,#1872 Senior Big Data Solutions Architect,,United States,,,2026-04-21T12:11:22.096673
Hackerrank Jobs,EMV Engineer,#1873 Sharepoint Developer,,United States,,,2026-04-21T12:11:22.097181
Hackerrank Jobs,EMV Engineer,#1873 Sharepoint Developer,,United States,,,2026-04-21T12:11:22.097181
Hackerrank Jobs,EMV Engineer,#1873 Sharepoint Developer,,United States,,,2026-04-21T12:11:22.098190
Hackerrank Jobs,EMV Engineer,#1873 Sharepoint Developer,,United States,,,2026-04-21T12:11:22.098190
Hackerrank Jobs,EMV Engineer,#1885 Data Scientist - Big Data,,United States,,,2026-04-21T12:11:22.098190
Hackerrank Jobs,EMV Engineer,#1885 Data Scientist - Big Data,,United States,,,2026-04-21T12:11:22.099189
Hackerrank Jobs,Engineering Manager,"""Great Career Opportunity in Adeeba .""Inbound Tech Support",,India,,,2026-04-21T12:11:23.459727
Hackerrank Jobs,Engineering Manager,"""Great Career Opportunity in Adeeba .""Inbound Tech Support",,India,,,2026-04-21T12:11:23.459727
Hackerrank Jobs,Engineering Manager,"""Urgent Opening "" 360 Hiring Entry Level, Mid Level and Sr. Level / QA Automation Testers, Business Analyst, Business Systems Analyst and Data Analyst FOR ALL OVER THE USA",,United States,,,2026-04-21T12:11:23.460726
Hackerrank Jobs,Engineering Manager,"""Urgent Opening "" 360 Hiring Entry Level, Mid Level and Sr. Level / QA Automation Testers, Business Analyst, Business Systems Analyst and Data Analyst FOR ALL OVER THE USA",,United States,,,2026-04-21T12:11:23.460726
Hackerrank Jobs,Engineering Manager,#1725 ASP .Net Developer,,United States,,,2026-04-21T12:11:23.461725
Hackerrank Jobs,Engineering Manager,#1725 ASP .Net Developer,,United States,,,2026-04-21T12:11:23.461725
Hackerrank Jobs,Engineering Manager,#1753 Software Developer Analyst (.Net),,United States,,,2026-04-21T12:11:23.461725
Hackerrank Jobs,Engineering Manager,#1753 Software Developer Analyst (.Net),,United States,,,2026-04-21T12:11:23.462724
Hackerrank Jobs,Engineering Manager,#1758 Business Intelligence Analyst,,United States,,,2026-04-21T12:11:23.462724
Hackerrank Jobs,Engineering Manager,#1758 Business Intelligence Analyst,,United States,,,2026-04-21T12:11:23.463724
Hackerrank Jobs,Engineering Manager,#1763 (MID Level) .Net Developer,,United States,,,2026-04-21T12:11:23.463724
Hackerrank Jobs,Engineering Manager,#1763 (MID Level) .Net Developer,,United States,,,2026-04-21T12:11:23.463724
Hackerrank Jobs,Engineering Manager,#1772 Programmer/Developer (Java),,United States,,,2026-04-21T12:11:23.464725
Hackerrank Jobs,Engineering Manager,#1772 Programmer/Developer (Java),,United States,,,2026-04-21T12:11:23.464725
Hackerrank Jobs,Engineering Manager,#1774 Network Engineer,,United States,,,2026-04-21T12:11:23.464725
Hackerrank Jobs,Engineering Manager,#1774 Network Engineer,,United States,,,2026-04-21T12:11:23.465725
Hackerrank Jobs,Engineering Manager,#1819 Application Developer,,United States,,,2026-04-21T12:11:23.465725
Hackerrank Jobs,Engineering Manager,#1819 Application Developer,,United States,,,2026-04-21T12:11:23.466726
Hackerrank Jobs,Engineering Manager,#1820 Java Software Developer,,United States,,,2026-04-21T12:11:23.467236
Hackerrank Jobs,Engineering Manager,#1820 Java Software Developer,,United States,,,2026-04-21T12:11:23.489336
Hackerrank Jobs,Engineering Manager,#1872 Senior Big Data Solutions Architect,,United States,,,2026-04-21T12:11:23.490302
Hackerrank Jobs,Engineering Manager,#1872 Senior Big Data Solutions Architect,,United States,,,2026-04-21T12:11:23.490302
Hackerrank Jobs,Engineering Manager,#1872 Senior Big Data Solutions Architect,,United States,,,2026-04-21T12:11:23.491291
Hackerrank Jobs,Engineering Manager,#1872 Senior Big Data Solutions Architect,,United States,,,2026-04-21T12:11:23.491291
Hackerrank Jobs,Engineering Manager,#1873 Sharepoint Developer,,United States,,,2026-04-21T12:11:23.491291
Hackerrank Jobs,Engineering Manager,#1873 Sharepoint Developer,,United States,,,2026-04-21T12:11:23.492288
Hackerrank Jobs,Engineering Manager,#1873 Sharepoint Developer,,United States,,,2026-04-21T12:11:23.492288
Hackerrank Jobs,Engineering Manager,#1873 Sharepoint Developer,,United States,,,2026-04-21T12:11:23.493281
Hackerrank Jobs,Engineering Manager,#1885 Data Scientist - Big Data,,United States,,,2026-04-21T12:11:23.493281
Hackerrank Jobs,Engineering Manager,#1885 Data Scientist - Big Data,,United States,,,2026-04-21T12:11:23.493281
Michael Page,Technical Program Manager,Browse Jobs,,,https://www.michaelpage.com/jobs/Technical+Program+Manager/jobs/accounting,,2026-04-21T12:12:52.166809
Michael Page,Engineering Manager,Browse Jobs,,,https://www.michaelpage.com/jobs/Engineering+Manager/jobs/accounting,,2026-04-21T12:12:56.895897
Talent.com,TPM,TPM (Technical Project Manager),Vytwo,"Prosper, TX, US",,,2026-04-21T12:14:03.409014
Talent.com,TPM,Technical Program Manager (TPM),Wealth Access,"Nashville, TN, US",,,2026-04-21T12:14:03.411015
Talent.com,TPM,Directeur en continu - TPM,Masonite,"Windsor, CA",,,2026-04-21T12:14:03.412012
Talent.com,TPM,Network TPM,Noblesoft Technologies,"Santa Clara, CA, United States",,,2026-04-21T12:14:03.413008
Talent.com,TPM,Network TPM,VDart Inc,"santa clara, CA, United States",,,2026-04-21T12:14:03.415538
Talent.com,TPM,Staff TPM,Motional,Pittsburgh,,,2026-04-21T12:14:03.416540
Talent.com,TPM,TPM Salesforce,Intellisoft Technologies,"Glen Allen, VA",,,2026-04-21T12:14:03.418546
Talent.com,TPM,TPM Manager,Ecolab Inc.,"Glenwood, Illinois, US",,,2026-04-21T12:14:03.419540
Talent.com,Technical Program Manager,Technical Program Manager,Credence,"McLean, VA, US",,,2026-04-21T12:14:03.058174
Talent.com,Technical Program Manager,Technical Program Manager,AMD,"San Jose, CA, US",,,2026-04-21T12:14:03.060176
Talent.com,Technical Program Manager,Technical Program Manager,"Kimberly-Clark USA, LLC","Atlanta, GA, USA",,,2026-04-21T12:14:03.061174
Talent.com,Technical Program Manager,Technical Program Manager,Zachary Piper,"Springfield, Virginia",,,2026-04-21T12:14:03.062173
Talent.com,Technical Program Manager,Technical Program Manager,Lancesoft,"San Francisco, CA, US",,,2026-04-21T12:14:03.063173
Talent.com,Technical Program Manager,Technical Program Manager,Flex,"Milpitas, CA, US",,,2026-04-21T12:14:03.065688
Talent.com,Technical Program Manager,Technical Program Manager,"Paradigm Information Services, Inc.","Beaverton, OR, us",,,2026-04-21T12:14:03.066688
Talent.com,Technical Program Manager,Technical Program Manager,American IT Systems,"Redmond, WA, United States",,,2026-04-21T12:14:03.067688
Talent.com,AI Engineer,AI Engineer,Analytica,US,,,2026-04-21T12:14:02.856389
Talent.com,AI Engineer,AI Engineer,Apptad Inc,"Plano, TX, United States",,,2026-04-21T12:14:02.857400
Talent.com,AI Engineer,AI Engineer,Inherent Technologies,United States,,,2026-04-21T12:14:02.859925
Talent.com,AI Engineer,AI Engineer,Shrive Technologies LLC,"TX, United States",,,2026-04-21T12:14:02.861916
Talent.com,AI Engineer,AI Engineer,SimpleCITI,"Los Angeles, CA, US",,,2026-04-21T12:14:02.862923
Talent.com,AI Engineer,AI Engineer,"KMM Technologies, Inc.","Atlanta, GA, US",,,2026-04-21T12:14:02.864435
Talent.com,AI Engineer,AI Engineer,AIT Global inc.,United States,,,2026-04-21T12:14:02.865450
Talent.com,AI Engineer,AI Engineer,PACCAR,"Chillicothe, OH, US",,,2026-04-21T12:14:02.867451
Talent.com,Payments Engineer,"Staff AI Engineer, Payments",GoodLeap,"West Palm Beach, Florida, United States, 33401",,,2026-04-21T12:14:02.987019
Talent.com,Payments Engineer,Wholesale Payments Virtual Payments Consultant,Truist,"Louisville, KY, United States",,,2026-04-21T12:14:02.989016
Talent.com,Payments Engineer,Payments Analyst,Stripe,"Washington, DC, United States",,,2026-04-21T12:14:02.990525
Talent.com,Payments Engineer,Full Stack Engineer (Payments & FinTech),Colgate-Palmolive Company,"Piscataway, NJ, US",,,2026-04-21T12:14:02.991532
Talent.com,Payments Engineer,"Software Development Engineer, Ads Payments",Amazon.com Services LLC,"New York, New York, USA",,,2026-04-21T12:14:02.992532
Talent.com,Payments Engineer,Experienced Payments Analyst- Site Payments,Medpace,"Cincinnati, OH, United States",,,2026-04-21T12:14:02.994532
Talent.com,Payments Engineer,Payments BA,Omni Inclusive,"Houston, TX, United States",,,2026-04-21T12:14:02.995720
Talent.com,Payments Engineer,Payments Lead,Kalshi,"New York, NY, United States",,,2026-04-21T12:14:02.996716
Talent.com,EMV Engineer,Engineer,American Airlines,"Fort Worth, TX, US",,,2026-04-21T12:14:03.601317
Talent.com,EMV Engineer,RF Systems Engineer,Amentum,"Dahlgren, Virginia, United States",,,2026-04-21T12:14:03.602316
Talent.com,EMV Engineer,Engineer,MasTec Inc,"TRENTON, New Jersey, United States",,,2026-04-21T12:14:03.603317
Talent.com,EMV Engineer,Principal Product Delivery Manager (Remote-Eligible),Capital One,"Riverwoods, IL",,,2026-04-21T12:14:03.604939
Talent.com,EMV Engineer,Engineer I/Engineer II/Sr Engineer/Sr Engineer II Engineer I/Engineer II/Sr Engineer/Sr Engineer II,BHE GT&S,"Bridgeport, West Virginia, United States, 26330",,,2026-04-21T12:14:03.607831
Talent.com,EMV Engineer,Engineer,Salmon Creek Medical Ctr campus,"VANCOUVER, WA",,,2026-04-21T12:14:03.608833
Talent.com,EMV Engineer,Machine Operator- 1st Shift EMV,Giesecke+Devrient,"Bolingbrook, US",,,2026-04-21T12:14:03.609830
Talent.com,EMV Engineer,"Production Supervisor - EMV, 2nd Shift",Giesecke+Devrient,"Bolingbrook, US",,,2026-04-21T12:14:03.610830
Talent.com,Engineering Manager,Engineering Manager,GTN Technical Staffing,"O'Fallon, MO, US",,,2026-04-21T12:14:04.396501
Talent.com,Engineering Manager,Engineering Manager,"United Employment Group, Inc.","Beaver Dam, KY, US",,,2026-04-21T12:14:04.398499
Talent.com,Engineering Manager,Engineering Manager,Nesco Resource,"Springfield, KY, US",,,2026-04-21T12:14:04.399499
Talent.com,Engineering Manager,"Manager, Engineering",WillowTree,"Boston, Massachusetts, United States",,,2026-04-21T12:14:04.400499
Talent.com,Engineering Manager,Engineering Manager,"SoloPoint Solutions, Inc.","New Berlin, WI, US",,,2026-04-21T12:14:04.402499
Talent.com,Engineering Manager,Engineering Manager,AccorHotel,"New York, New York, United States",,,2026-04-21T12:14:04.403499
Talent.com,Engineering Manager,Engineering Manager,SGS,"Suwanee, Georgia, United States",,,2026-04-21T12:14:04.405007
Talent.com,Engineering Manager,Engineering Manager,Columbia Metropolitan Convention Center (MACST),"Columbia, SC, US",,,2026-04-21T12:14:04.406017
